INPUT-MOL-IDX,INPUT-MOL-SMI,GEN-MOL-SMI,LEAVING-FRAG-SMI,INSERTING-FRAG-SMI,PREDICTED-PROB,LOGP,MW,QED,SA,QED_DIFF,SA_DIFF,GEN-MOL-IDX,INPUT-MOL-DOCKED-SCORE,GEN-MOL-DOCKED-SCORE,SCORE_DIFF
7,CC/C=C/C=C/CCNC(=O)OC(CC)C(Cc1ccccc1)C(=O)O,CC/C=C/C=C/CCNC(=O)NCC(C)(C)c1ccccc1,[5*]NC(=O)OC(CC)C(C[8*])C(=O)O,[5*]NC(=O)NCC([8*])(C)C,8.013909973669797e-05,4.175900000000003,300.220163516,0.5487072892844632,2.584034275300901,0.0937861870465076,-0.9359657246990992,75,-5.5,-6.0,-0.5
7,CC/C=C/C=C/CCNC(=O)OC(CC)C(Cc1ccccc1)C(=O)O,CC/C=C/C=C/CCNC(=O)N(CCC#N)Cc1ccccc1,[3*]OC(CC)C(C[8*])C(=O)O,[5*]N(C[8*])CCC#N,8.096674719126895e-05,4.024380000000003,311.19976242,0.5528454701571454,2.612189423323484,0.0979243679191897,-0.9078105766765168,67,-5.5,-4.8,0.7000000000000002
9,CC(O)CCOc1ccc(C2C=CNCC2)c(CC(=O)O)c1,CC(O)CCOc1ccc(CC(C)(C)C)c(CC(=O)O)c1,[15*]C1C=CNCC1,[8*]CC(C)(C)C,7.050253771012649e-05,3.0520000000000014,294.183109312,0.8108336240433689,2.81811537267021,0.0924368605801289,-0.8818846273297902,66,-6.5,-6.4,0.09999999999999964
13,CC(C(=O)NCc1ccncc1)C(O)C(N)CCc1cccc(C(=O)O)c1,CC(C)(CC(=O)Oc1cccc(C(=O)O)c1)OCc1ccncc1,[5*]NC(=O)C(C)C(O)C(N)CC[8*],[3*]OC(=O)CC(C)(C)O[3*],8.396952762268484e-05,3.0707000000000013,329.1263227080001,0.62045994540754,2.371150140384968,0.0932630623525481,-0.8788498596150323,2,-7.2,-6.7,0.5
9,CC(O)CCOc1ccc(C2C=CNCC2)c(CC(=O)O)c1,CC(O)CCOc1ccc(CC(F)(F)F)c(CC(=O)O)c1,[15*]C1C=CNCC1,[8*]CC(F)(F)F,7.04910489730537e-05,2.5682,306.107893684,0.8122861282082762,2.88526427376911,0.0938893647450361,-0.8147357262308903,73,-6.5,-6.1,0.40000000000000036
59,C=C/C=C/C(C)c1ccc(CCNC(C)CCOP(=O)(O)O)c(O)c1,C=C/C=C/C(C)c1ccc(C(=O)NCCCCCC(=O)O)c(O)c1,[8*]CCNC(C)CCOP(=O)(O)O,[6*]C(=O)NCCCCCC(=O)O,4.680940764956176e-05,3.612700000000002,331.17835828,0.4513600842733258,3.010142168615671,0.0983790386534534,-0.7798578313843301,98,-6.2,-6.5,-0.2999999999999998
81,CCC(CC)OC(C)C(O)C(OC(C1CCCC(CC)O1)C(O)C(=O)O)C(=O)NC,CCC(CC)NC(=O)CC(C)(C)NC(C1CCCC(CC)O1)C(O)C(=O)O,[3*]OC(C)C(O)C(O[3*])C(=O)NC,[5*]NC(=O)CC(C)(C)N[5*],0.0002218353474745,2.2113,386.2780723159999,0.4335876943967495,4.19437096784174,0.0928814561607583,-0.7656290321582588,23,-6.4,-5.8,0.6000000000000005
59,C=C/C=C/C(C)c1ccc(CCNC(C)CCOP(=O)(O)O)c(O)c1,C=C/C=C/C(C)c1ccc(CCNCc2cccc(NC(C)=O)c2)c(O)c1,[4*]C(C)CCOP(=O)(O)O,[4*]Cc1cccc(NC(C)=O)c1,7.328623905777931e-05,4.528600000000004,364.21507813599993,0.4524924335774219,3.038531259478029,0.0995113879575496,-0.7514687405219718,55,-6.2,-7.2,-1.0
81,CCC(CC)OC(C)C(O)C(OC(C1CCCC(CC)O1)C(O)C(=O)O)C(=O)NC,CCC1CCCC(C(OCCCN(C(=O)NC)C(CC)CC)C(O)C(=O)O)O1,[1*]C(=O)C([4*])C(O)C(C)O[3*],[1*]C(=O)N([5*])CCC[4*],0.0009683704702183,2.3849000000000005,402.2729869359999,0.4326506334118878,4.225579372528729,0.0919443951758967,-0.7344206274712697,1,-6.4,-6.2,0.20000000000000018
59,C=C/C=C/C(C)c1ccc(CCNC(C)CCOP(=O)(O)O)c(O)c1,C=C/C=C/C(C)c1ccc(CCNCCc2ccc(C(N)=O)cc2)c(O)c1,[4*]C(C)CCOP(=O)(O)O,[4*]CCc1ccc(C(N)=O)cc1,7.331045344471931e-05,3.7116000000000016,364.21507813599993,0.444274478559451,3.0610531218262054,0.0912934329395787,-0.7289468781737956,45,-6.2,-6.6,-0.39999999999999947
59,C=C/C=C/C(C)c1ccc(CCNC(C)CCOP(=O)(O)O)c(O)c1,CC(=O)CCc1ccc(CCNC(C)CCOP(=O)(O)O)c(O)c1,[8*]C(C)/C=C/C=C,[8*]CCC(C)=O,5.021457764087245e-05,1.9338000000000009,359.1497741819999,0.4461897143787891,3.0776625021283124,0.0932086687589168,-0.7123374978716885,76,-6.2,-6.5,-0.2999999999999998
11,CC(/N=C/CC(CNc1ccc(-c2ccccc2)cc1)CC(=O)O)c1ccccc1,OC(c1ccccc1)(c1ccc(-c2ccccc2)cc1)c1cccs1,[5*]NCC(C/C=N/C([8*])C)CC(=O)O,[8*]C([8*])(O)c1cccs1,3.562465644790791e-05,5.6993000000000045,342.10783619600005,0.5042766463988059,2.4538884027300973,0.0987299154030847,-0.7061115972699028,69,-6.6,-7.0,-0.40000000000000036
73,O=C(NCc1ccncc1)C1CCNC(C/C=C/c2ccccc2O)C1,CCNC1=NC(=Cc2ccccc2O)C(=O)N1Cc1ccncc1,[7*]=CCC1CC(C(=O)NC[8*])CCN1,[7*]=C1N=C(NCC)N(C[8*])C1=O,0.0006558867753483,2.136,322.142975816,0.8455090366332557,2.6494221016488826,0.0974175914759571,-0.6905778983511173,61,-7.3,-7.0,0.2999999999999998
7,CC/C=C/C=C/CCNC(=O)OC(CC)C(Cc1ccccc1)C(=O)O,CC/C=C/C=C/CCNC(=O)NC(C)Cc1ccccc1,[5*]NC(=O)OC(CC)C(C[8*])C(=O)O,[5*]NC(=O)NC(C)C[8*],8.029443415580317e-05,3.8293000000000026,286.204513452,0.5532353407100803,2.8387428451976824,0.0983142384721246,-0.6812571548023181,73,-5.5,-5.3,0.20000000000000018
81,CCC(CC)OC(C)C(O)C(OC(C1CCCC(CC)O1)C(O)C(=O)O)C(=O)NC,CCC(CC)OCC(=O)N(CC(=O)NC)C(C1CCCC(CC)O1)C(O)C(=O)O,[1*]C(=O)C(O[3*])C(O)C([4*])C,[1*]C(=O)CN([5*])C(=O)C[4*],0.0007812231779098,0.9280000000000016,416.2522514919999,0.4320079728945069,4.293597353560447,0.0913017346585158,-0.6664026464395523,17,-6.4,-6.1,0.3000000000000007
81,CCC(CC)OC(C)C(O)C(OC(C1CCCC(CC)O1)C(O)C(=O)O)C(=O)NC,CCC(CC)OCCCN(C(=O)NC)C(C1CCCC(CC)O1)C(O)C(=O)O,[1*]C(=O)C(O[3*])C(O)C([4*])C,[1*]C(=O)N([5*])CCC[4*],0.0007992481696419,2.3849000000000005,402.2729869359999,0.4326506334118878,4.305690303702818,0.0919443951758967,-0.6543096962971813,14,-6.4,-6.4,0.0
59,C=C/C=C/C(C)c1ccc(CCNC(C)CCOP(=O)(O)O)c(O)c1,C=C/C=C/C(C)c1ccc(CCNCc2cccc(CC(N)=O)c2)c(O)c1,[4*]C(C)CCOP(=O)(O)O,[4*]Cc1cccc(CC(N)=O)c1,7.326246850425377e-05,3.5980000000000008,364.21507813599993,0.4453280644133577,3.141131259478028,0.0923470187934854,-0.6488687405219729,62,-6.2,-6.1,0.10000000000000053
9,CC(O)CCOc1ccc(C2C=CNCC2)c(CC(=O)O)c1,O=C(O)Cc1cc(OCCc2ccccc2)ccc1C1C=CNCC1,[4*]CCC(C)O,[4*]CCc1ccccc1,0.0008308013784699,3.525800000000002,337.167793596,0.8114343181663367,3.051802568423714,0.0930375547030967,-0.6481974315762864,24,-6.5,-7.6,-1.0999999999999996
59,C=C/C=C/C(C)c1ccc(CCNC(C)CCOP(=O)(O)O)c(O)c1,CCC(=O)Cc1ccc(CCNC(C)CCOP(=O)(O)O)c(O)c1,[8*]C(C)/C=C/C=C,[8*]CC(=O)CC,5.021995821152814e-05,1.9338000000000009,359.1497741819999,0.4461897143787891,3.1475685376312708,0.0932086687589168,-0.6424314623687302,72,-6.2,-6.6,-0.39999999999999947
68,NC(CCC(=O)O)CC(CO)OC(C(=O)O)C1C=C(C(=O)O)C=CO1,NC(CCC(=O)O)CC(CO)OC(C(=O)O)n1ncccc1=O,[13*]C1C=C(C(=O)O)C=CO1,[9*]n1ncccc1=O,6.144728104118258e-05,-1.213799999999999,329.122299948,0.4115913614432642,4.050616634415529,0.0941213599868185,-0.6393833655844716,89,-5.9,-6.6,-0.6999999999999993
9,CC(O)CCOc1ccc(C2C=CNCC2)c(CC(=O)O)c1,O=C(O)Cc1cc(OCc2ccc(Cl)cc2)ccc1C1C=CNCC1,[4*]CCC(C)O,[4*]Cc1ccc(Cl)cc1,0.0008274496067315,4.136700000000003,357.11317118000005,0.8154554659526377,3.068038922480616,0.0970587024893977,-0.6319610775193842,31,-6.5,-7.4,-0.9000000000000004
58,NC(Cc1ccccc1)C(=O)OC(CCc1ccccc1)C(=O)O,NC(Cc1ccccc1)C(=O)OCCc1ccccc1,[4*]C(CC[8*])C(=O)O,[4*]CC[8*],0.0001743374305078,2.3423000000000007,269.141578848,0.8189203384994673,2.079399768167562,0.0934580546876859,-0.6306002318324371,36,-6.0,-5.5,0.5
12,CC(C)c1cccc(CC(CCC/C=C/C(=O)O)C(=O)O)c1,CC(C)c1cccc(CCOC(=O)C=CC(=O)O)c1,[7*]=CCCCC(C[8*])C(=O)O,[7*]=CC(=O)OCC[8*],0.0009130371036008,2.5365,262.120509056,0.6317712760721653,2.0996584109801404,0.0954548300837362,-0.6103415890198587,37,-5.9,-6.3,-0.39999999999999947
48,C=C/C=C/C1OC(C(NC(=O)O)C(=O)NCCC)C(O)[C@@](C)(C(=O)O)C1C(C)CC,C=C/C=C/C1OC(CCc2ccc(C(=O)NCCC)cc2)C(O)[C@@](C)(C(=O)O)C1C(C)CC,[1*]C(=O)C([8*])NC(=O)O,[1*]C(=O)c1ccc(CC[8*])cc1,4.721686491393484e-05,4.382700000000003,457.282823348,0.4286362331274624,4.390290639264014,0.0939048817035451,-0.5697093607359847,91,-6.4,-6.3,0.10000000000000053
28,CC(/C=C/c1ccccc1)N1CCC(CCCc2ccccc2C(N)=O)NC1,Cc1ccccc1C(=O)N1CCC(CCCc2ccccc2C(N)=O)NC1,[4*]C(C)/C=C/c1ccccc1,[1*]C(=O)c1ccccc1C,0.0002408846776233,2.87842,365.210327104,0.8264413187159004,2.878271989800337,0.0914770890858662,-0.5517280101996622,58,-7.4,-6.6,0.8000000000000007
28,CC(/C=C/c1ccccc1)N1CCC(CCCc2ccccc2C(N)=O)NC1,Cc1cccc(C(=O)N2CCC(CCCc3ccccc3C(N)=O)NC2)c1,[4*]C(C)/C=C/c1ccccc1,[1*]C(=O)c1cccc(C)c1,0.0002408792061032,2.87842,365.210327104,0.8264413187159003,2.880893768022116,0.0914770890858661,-0.5491062319778841,59,-7.4,-7.6,-0.1999999999999993
7,CC/C=C/C=C/CCNC(=O)OC(CC)C(Cc1ccccc1)C(=O)O,CC/C=C/C=C/CCNC(=O)C(OCC)c1ccccc1,[1*]C(=O)OC(CC)C(C[8*])C(=O)O,[1*]C(=O)C([8*])OCC,3.698691944009624e-05,3.792900000000002,287.18852904000005,0.5540640464631181,2.9949436144284505,0.0991429442251625,-0.52505638557155,92,-5.5,-4.7,0.7999999999999998
59,C=C/C=C/C(C)c1ccc(CCNC(C)CCOP(=O)(O)O)c(O)c1,C=CC=Cc1ccc(CCNC(C)CCOP(=O)(O)O)c(C)c1,[7*]=CC(C)c1ccc([16*])c(O)c1,[7*]=Cc1ccc([16*])c(C)c1,0.0022415183484554,3.214220000000002,339.159944942,0.4505432070605392,3.286341744992095,0.0975621614406668,-0.5036582550079061,10,-6.2,-6.2,0.0
59,C=C/C=C/C(C)c1ccc(CCNC(C)CCOP(=O)(O)O)c(O)c1,C=CC=Cc1ccc(CCNC(C)CCOP(=O)(O)O)cc1C,[7*]=CC(C)c1ccc([16*])c(O)c1,[7*]=Cc1ccc([16*])cc1C,0.0022515314631164,3.214220000000002,339.159944942,0.4505432070605392,3.288651635101983,0.0975621614406668,-0.5013483648980177,5,-6.2,-6.9,-0.7000000000000002
12,CC(C)c1cccc(CC(CCC/C=C/C(=O)O)C(=O)O)c1,CC(C)c1cccc(NC(=O)/C=C/C=C/C(=O)O)c1,[7*]=CCCCC(C[8*])C(=O)O,[5*]NC(=O)/C=C/C=[7*],0.0008860343368723,2.945500000000001,259.120843404,0.63077182725535,2.2161258666014394,0.0944553812669208,-0.4938741333985597,81,-5.9,-6.0,-0.09999999999999964
65,CCCCCCCCCCCCC(=O)NC(CC)C(=O)O,CCCCCCCCCCCCC(=O)NC(C)=O,[4*]C(CC)C(=O)O,[1*]C(C)=O,0.0004121963866055,3.9601000000000015,255.219829168,0.5679516842940399,1.8586975798380685,0.0974579397049494,-0.491302420161932,48,-5.0,-5.1,-0.09999999999999964
7,CC/C=C/C=C/CCNC(=O)OC(CC)C(Cc1ccccc1)C(=O)O,CC/C=C/C=C/CCNC(=O)O[C@@H](CC)c1ccccc1,[4*]C(CC)C(C[8*])C(=O)O,[4*][C@H]([8*])CC,5.61803208256606e-05,4.776400000000004,287.18852904000005,0.5518859749352175,3.0332213067361424,0.0969648726972619,-0.486778693263858,81,-5.5,-6.0,-0.5
7,CC/C=C/C=C/CCNC(=O)OC(CC)C(Cc1ccccc1)C(=O)O,CC/C=C/C=C/CCNC(=O)O[C@H](CC)c1ccccc1,[4*]C(CC)C(C[8*])C(=O)O,[4*][C@@H]([8*])CC,5.618467548629269e-05,4.776400000000004,287.18852904000005,0.5518859749352175,3.0332213067361424,0.0969648726972619,-0.486778693263858,80,-5.5,-5.1,0.40000000000000036
7,CC/C=C/C=C/CCNC(=O)OC(CC)C(Cc1ccccc1)C(=O)O,CC/C=C/C=C/CCNC(=O)OC(CC)c1ccccc1,[4*]C(CC)C(C[8*])C(=O)O,[4*]C([8*])CC,5.6231827329611406e-05,4.776400000000004,287.18852904000005,0.5518859749352175,3.0332213067361424,0.0969648726972619,-0.486778693263858,76,-5.5,-6.0,-0.5
35,C/C=C1/CCOCC(C2O[C@@]3(CCC2O)OC(CO)C(OC(=O)C(O)CC)C3O)O1,C/C=C1/CCOCC(C2O[C@@]3(CCC2O)OC(CO)C(C(=O)Nc2ccc(Cl)cc2)C3O)O1,[3*]OC(=O)C(O)CC,[6*]C(=O)Nc1ccc(Cl)cc1,4.934264507028274e-05,1.5921999999999998,483.1659946,0.5083167676789982,5.194200723616497,0.0939286760418902,-0.4857992763835028,78,-7.0,-7.2,-0.20000000000000018
59,C=C/C=C/C(C)c1ccc(CCNC(C)CCOP(=O)(O)O)c(O)c1,C=CC=Cc1ccc(CCNC(C)CCOP(=O)(O)O)cc1F,[7*]=CC(C)c1ccc([16*])c(O)c1,[7*]=Cc1ccc([16*])cc1F,0.0022484855726361,3.044900000000002,343.134873066,0.4494927523184692,3.3098516351019835,0.0965117066985969,-0.4801483648980174,7,-6.2,-6.6,-0.39999999999999947
9,CC(O)CCOc1ccc(C2C=CNCC2)c(CC(=O)O)c1,CCOC(=O)c1ccc(C2C=CNCC2)c(CC(=O)O)c1,[3*]OCCC(C)O,[6*]C(=O)OCC,0.0003236896882299,2.0810000000000004,289.131408088,0.8116862109356033,3.226630133333275,0.0932894474723633,-0.473369866666725,50,-6.5,-6.3,0.20000000000000018
35,C/C=C1/CCOCC(C2O[C@@]3(CCC2O)OC(CO)C(OC(=O)C(O)CC)C3O)O1,C/C=C1/CCOCC(C2O[C@@]3(CCC2O)OC(CO)C(C(=O)Nc2ccccc2Cl)C3O)O1,[3*]OC(=O)C(O)CC,[6*]C(=O)Nc1ccccc1Cl,4.9328518798574805e-05,1.5921999999999996,483.1659946,0.5083167676789982,5.221315363815007,0.0939286760418902,-0.4586846361849925,85,-7.0,-7.1,-0.09999999999999964
55,C=C/C=C/C(C(=O)O)C(N)C1OC2=CCC(C)C3CC(C=O)=CC(C(C)C1NC)C23,C=CC=Cc1ccc(CC2OC3=CCC(C)C4CC(C=O)=CC(C(C)C2NC)C34)cn1,[7*]=CC(C(=O)O)C([8*])N,[7*]=Cc1ccc(C[8*])cn1,0.0007989498553797,4.747500000000004,418.262028328,0.5351448041228396,5.407387916360474,0.0978309402087331,-0.4526120836395257,21,-7.4,-7.7,-0.2999999999999998
35,C/C=C1/CCOCC(C2O[C@@]3(CCC2O)OC(CO)C(OC(=O)C(O)CC)C3O)O1,C/C=C1/CCOCC(C2O[C@@]3(CCC2O)OC(CO)C(C(=O)Nc2cccc(Cl)c2)C3O)O1,[3*]OC(=O)C(O)CC,[6*]C(=O)Nc1cccc(Cl)c1,4.932269803248346e-05,1.5921999999999996,483.1659946,0.5083167676789982,5.231007671507316,0.0939286760418902,-0.4489923284926833,94,-7.0,-7.8,-0.7999999999999998
55,C=C/C=C/C(C(=O)O)C(N)C1OC2=CCC(C)C3CC(C=O)=CC(C(C)C1NC)C23,C=CC=Cc1cncc(CC2OC3=CCC(C)C4CC(C=O)=CC(C(C)C2NC)C34)c1,[7*]=CC(C(=O)O)C([8*])N,[7*]=Cc1cncc(C[8*])c1,0.0008055929210968,4.747500000000004,418.262028328,0.5351448041228396,5.419581972304529,0.0978309402087331,-0.4404180276954701,6,-7.4,-7.4,0.0
9,CC(O)CCOc1ccc(C2C=CNCC2)c(CC(=O)O)c1,COC(=O)c1ccc(C2C=CNCC2)c(CC(=O)O)c1,[3*]OCCC(C)O,[6*]C(=O)OC,0.0003247865242883,1.6909,275.115758024,0.8178088912692298,3.264219415761345,0.0994121278059898,-0.435780584238655,39,-6.5,-6.4,0.09999999999999964
71,CC(C/C=C/C1CCCCC1=O)NC(=O)C(CCC(N)C1=CC=NC(=O)C1)C(=O)O,NC(CCC(C(=O)O)C(=O)NC(=O)c1ccc(C=CC2CCCCC2=O)cc1)C1=CC=NC(=O)C1,[4*]C(C)CC=[7*],[1*]C(=O)c1ccc(C=[7*])cc1,0.0022765067405998,2.4513000000000007,479.205635648,0.4592871716467285,4.353364160672003,0.0927091678157611,-0.4266358393279974,9,-8.2,-7.7,0.4999999999999991
68,NC(CCC(=O)O)CC(CO)OC(C(=O)O)C1C=C(C(=O)O)C=CO1,COc1nnc(C(OC(CO)CC(N)CCC(=O)O)C(=O)O)s1,[13*]C1C=C(C(=O)O)C=CO1,[14*]c1nnc(OC)s1,6.153051072033122e-05,-0.367899999999999,349.09437094799995,0.4138861753094938,4.26591316047012,0.0964161738530481,-0.4240868395298802,76,-5.9,-6.3,-0.39999999999999947
64,CC(C)CC/C=C/C(C)c1ccccc1,CC(C)CCC=C1CCN(Cc2ccccc2)CC1,[7*]=CC([8*])C,[7*]=C1CCN(C[8*])CC1,0.0023172192741185,4.645000000000004,257.214349864,0.6942766263347447,2.2055549575105324,0.0917233128932496,-0.4144450424894677,21,-5.6,-5.7,-0.10000000000000053
7,CC/C=C/C=C/CCNC(=O)OC(CC)C(Cc1ccccc1)C(=O)O,CC/C=C/C=C/CCNC(=O)OC(COC)c1ccccc1,[4*]C(CC)C(C[8*])C(=O)O,[4*]C([8*])COC,5.617868373519741e-05,4.012800000000003,303.18344366,0.5535932638881248,3.1123297248094115,0.0986721616501691,-0.4076702751905889,82,-5.5,-5.6,-0.09999999999999964
85,CCCC(CCCCCc1ccccc1OP(=O)(O)O)C(=O)O,CCCC(CCCCCc1ccccc1C(=O)Nc1ccccc1)C(=O)O,[3*]OP(=O)(O)O,[6*]C(=O)Nc1ccccc1,8.426217391388491e-05,5.542700000000005,367.214743788,0.5122522468804418,2.392396065724414,0.0952954346312391,-0.4076039342755857,82,-5.9,-6.6,-0.6999999999999993
9,CC(O)CCOc1ccc(C2C=CNCC2)c(CC(=O)O)c1,CC(C)CCOc1ccc(C2C=CNCC2)c(CC(=O)O)c1,[4*]CCC(C)O,[4*]CCC(C)C,0.0008363014203496,3.329200000000001,303.18344366,0.8109573666895644,3.292833624135893,0.0925606032263244,-0.4071663758641071,12,-6.5,-6.4,0.09999999999999964
36,C/C=C\C=C\C(CCC(=O)O)CC(C)C1CC/C(=N/C(C(=O)O)c2ccccc2)C1,C/C=C\C=C\C(CCC(=O)O)CC(C)c1cncn1[C@@H](C)c1ccccc1,[8*]C(/N=C1/CCC([15*])C1)C(=O)O,[8*][C@H](C)n1cncc1[14*],4.620680556399748e-05,5.599300000000005,366.2307282,0.5569154207348919,4.013471374931799,0.0991414174118882,-0.4065286250682005,77,-5.9,-6.0,-0.09999999999999964
36,C/C=C\C=C\C(CCC(=O)O)CC(C)C1CC/C(=N/C(C(=O)O)c2ccccc2)C1,C/C=C\C=C\C(CCC(=O)O)CC(C)c1cncn1C(C)c1ccccc1,[8*]C(/N=C1/CCC([15*])C1)C(=O)O,[8*]C(C)n1cncc1[14*],4.617251397576183e-05,5.599300000000005,366.2307282,0.5569154207348919,4.013471374931799,0.0991414174118882,-0.4065286250682005,79,-5.9,-6.1,-0.1999999999999993
46,NC(C(=O)NC(C(=O)O)c1ccccc1)c1cccc(OP(=O)(O)O)c1,O=C(O)C(NCCc1cccc(OP(=O)(O)O)c1)c1ccccc1,[1*]C(=O)C([8*])N,[4*]CC[8*],0.0001453295117244,2.1160999999999994,351.08717392600005,0.538356356074275,2.6656952319702274,0.0918059814373853,-0.4043047680297729,51,-8.0,-7.3,0.7000000000000002
80,C/C=C\C1C(C)CCC(C(=O)O)O[C@](CO)(OCC)C(O)CCC1C(=O)OC(C)=O,C/C=C\C1C(C)CCC(C(=O)O)O[C@](CO)(OCC)C(O)CCC1C(=O)Nc1ccc(Cl)cc1,[6*]C(=O)OC(C)=O,[6*]C(=O)Nc1ccc(Cl)cc1,5.791281728306785e-05,3.8529000000000018,497.218030172,0.4213682849766836,4.91655787631497,0.0955134858830537,-0.4034421236850303,98,-6.4,-6.6,-0.1999999999999993
33,C/C=C/C1CCC(C(O)C2CCCOC2=O)CC(N)C(C2CO[C@](C)(C=O)O2)OC1,C/C=C/C1CCC(C(O)C2CCCCCCCC2)CC(N)C(C2CO[C@](C)(C=O)O2)OC1,[15*]C1CCCOC1=O,[15*]C1CCCCCCCC1,0.0001570070162415,4.133300000000003,451.3297735399999,0.4823261197101402,5.379285944923751,0.0973987511300871,-0.3907140550762493,25,-7.6,-7.1,0.5
71,CC(C/C=C/C1CCCCC1=O)NC(=O)C(CCC(N)C1=CC=NC(=O)C1)C(=O)O,NC(CCC(C(=O)O)C(=O)NC(=O)c1cccc(C=CC2CCCCC2=O)c1)C1=CC=NC(=O)C1,[4*]C(C)CC=[7*],[1*]C(=O)c1cccc(C=[7*])c1,0.0022591531742364,2.4513000000000007,479.205635648,0.4592871716467285,4.401168713262269,0.0927091678157611,-0.3788312867377312,13,-8.2,-8.6,-0.40000000000000036
27,O=C(O)NC1COC(OC(CO)C(=O)O)COC1=O,NC(=O)CCOC1COC(=O)C(NC(=O)O)CO1,[4*]C(CO)C(=O)O,[4*]CCC(N)=O,0.0001167979644378,-1.5858999999999992,262.08010078800004,0.5078623889210439,3.68491958087848,0.090081360011339,-0.3750804191215202,40,-6.6,-6.5,0.09999999999999964
46,NC(C(=O)NC(C(=O)O)c1ccccc1)c1cccc(OP(=O)(O)O)c1,COc1cccc(CNC(=O)C(N)c2cccc(OP(=O)(O)O)c2)c1,[4*]C(C(=O)O)c1ccccc1,[4*]Cc1cccc(OC)c1,0.000532011676114,1.4828999999999997,366.09807295799993,0.5459497440351591,2.6997041398719226,0.0993993693982693,-0.3702958601280777,10,-8.0,-7.7,0.2999999999999998
68,NC(CCC(=O)O)CC(CO)OC(C(=O)O)C1C=C(C(=O)O)C=CO1,COc1nsc(C(OC(CO)CC(N)CCC(=O)O)C(=O)O)n1,[13*]C1C=C(C(=O)O)C=CO1,[14*]c1nc(OC)ns1,6.140948971733451e-05,-0.367899999999999,349.094370948,0.4138861753094938,4.332149140619002,0.0964161738530481,-0.3578508593809983,96,-5.9,-6.0,-0.09999999999999964
96,CC1=NC(CCC(O)C(O)COC(CO)C(=O)O)C(=O)N=C1,CNC(=O)NCC(O)C(O)CCC1N=C(C)C=NC1=O,[3*]OC(CO)C(=O)O,[5*]NC(=O)NC,8.921941480366513e-05,-1.142099999999999,284.14845512,0.4918465174553945,4.422480911589129,0.0922615090706168,-0.3575190884108714,76,-6.1,-6.5,-0.40000000000000036
68,NC(CCC(=O)O)CC(CO)OC(C(=O)O)C1C=C(C(=O)O)C=CO1,COc1nc(C(OC(CO)CC(N)CCC(=O)O)C(=O)O)ns1,[13*]C1C=C(C(=O)O)C=CO1,[14*]c1nsc(OC)n1,6.161343480926007e-05,-0.3678999999999982,349.09437094800006,0.4138861753094938,4.334252862703371,0.0964161738530481,-0.3557471372966292,69,-5.9,-5.8,0.10000000000000053
27,O=C(O)NC1COC(OC(CO)C(=O)O)COC1=O,CNC(=O)COC1COC(=O)C(NC(=O)O)CO1,[4*]C(CO)C(=O)O,[4*]CC(=O)NC,0.0001168471353594,-1.7152999999999987,262.08010078800004,0.5149678462320917,3.7055051381783226,0.0971868173223868,-0.354494861821677,35,-6.6,-6.5,0.09999999999999964
64,CC(C)CC/C=C/C(C)c1ccccc1,CC(C)CCC=Cc1cccn1-c1ccccc1,[7*]=CC([8*])C,[7*]=Cc1cccn1[9*],0.002089348854497,4.926700000000004,239.167399672,0.6971028099452384,2.276450633092505,0.0945494965037433,-0.3435493669074949,47,-5.6,-5.5,0.09999999999999964
73,O=C(NCc1ccncc1)C1CCNC(C/C=C/c2ccccc2O)C1,COc1ccccc1CC1CC(C(=O)NCc2ccncc2)CCN1,[8*]C/C=C/c1ccccc1O,[8*]Cc1ccccc1OC,0.0001414556172676,2.3173,339.19467704000004,0.8477419191099962,2.9974262927642474,0.0996504739526976,-0.3425737072357524,75,-7.3,-7.0,0.2999999999999998
58,NC(Cc1ccccc1)C(=O)OC(CCc1ccccc1)C(=O)O,O=C(OC(CCc1ccccc1)C(=O)O)c1cccnc1,[1*]C(=O)C(N)Cc1ccccc1,[1*]C(=O)c1cccnc1,0.0002629608788993,2.3244000000000007,285.10010796000006,0.8241908429796154,2.3782220759669137,0.098728559167834,-0.3317779240330853,14,-6.0,-5.9,0.09999999999999964
58,NC(Cc1ccccc1)C(=O)OC(CCc1ccccc1)C(=O)O,O=C(OC(CCc1ccccc1)C(=O)O)c1ccncc1,[1*]C(=O)C(N)Cc1ccccc1,[1*]C(=O)c1ccncc1,0.0002630414091981,2.3244000000000007,285.10010796,0.8241908429796154,2.385038999043836,0.098728559167834,-0.3249610009561632,10,-6.0,-6.2,-0.20000000000000018
34,O=C1CC(O)C(C(O)C(=O)O)OC(=O)CCO1,O=C1CC(O)C(CCO)OC(=O)CCO1,[8*]C(O)C(=O)O,[8*]CCO,4.970183363184333e-05,-1.0215,218.079038168,0.5760604456555192,4.11083560057339,0.0959855997084782,-0.30916439942661,27,-6.5,-5.9,0.5999999999999996
80,C/C=C\C1C(C)CCC(C(=O)O)O[C@](CO)(OCC)C(O)CCC1C(=O)OC(C)=O,C/C=C\C1C(C)CCC(C(=O)O)O[C@](CO)(OCC)C(O)CCC1C(=O)c1ccccc1C,[6*]C(=O)OC(C)=O,[6*]C(=O)c1ccccc1C,5.801398219773546e-05,3.7521200000000015,462.261753556,0.4176704889338042,5.011692171721834,0.0918156898401743,-0.3083078282781661,81,-6.4,-7.1,-0.6999999999999993
80,C/C=C\C1C(C)CCC(C(=O)O)O[C@](CO)(OCC)C(O)CCC1C(=O)OC(C)=O,C/C=C\C1C(C)CCC(C(=O)O)O[C@](CO)(OCC)C(O)CCC1C(=O)c1cccc(C)c1,[6*]C(=O)OC(C)=O,[6*]C(=O)c1cccc(C)c1,5.798201163997874e-05,3.7521200000000015,462.261753556,0.4176704889338042,5.012727556337219,0.0918156898401743,-0.3072724436627814,87,-6.4,-7.6,-1.1999999999999993
58,NC(Cc1ccccc1)C(=O)OC(CCc1ccccc1)C(=O)O,O=C(OC(CCc1ccccc1)C(=O)O)c1ccccn1,[1*]C(=O)C(N)Cc1ccccc1,[1*]C(=O)c1ccccn1,0.0002629825321491,2.3244000000000007,285.10010796000006,0.8241908429796154,2.4111505375053746,0.098728559167834,-0.2988494624946245,12,-6.0,-6.5,-0.5
6,CCC(CCCCCCCC(=O)NC(Cc1ccccc1)C(=O)O)C(=O)O,CCC(CCCCCCCC(=O)NCc1cccc(OC)c1)C(=O)O,[4*]C(Cc1ccccc1)C(=O)O,[4*]Cc1cccc(OC)c1,0.0002746327663771,4.1529000000000025,349.225308472,0.5245325384448294,2.4113778235795174,0.0950420647843385,-0.2986221764204817,16,-6.3,-6.0,0.2999999999999998
34,O=C1CC(O)C(C(O)C(=O)O)OC(=O)CCO1,CN(C)C(=O)C1OC(=O)CCOC(=O)CC1O,[8*]C(O)C(=O)O,[6*]C(=O)N(C)C,4.96061475132592e-05,-1.3156999999999992,245.0899372,0.576112353961984,4.1266360054486775,0.096037508014943,-0.2933639945513224,93,-6.5,-5.7,0.7999999999999998
64,CC(C)CC/C=C/C(C)c1ccccc1,CC(C)CCC=Cc1ccn(-c2ccccc2)c1,[7*]=CC([8*])C,[7*]=Cc1ccn([9*])c1,0.0020032383035868,4.926700000000004,239.167399672,0.6971028099452384,2.3304905739209083,0.0945494965037433,-0.2895094260790918,58,-5.6,-5.0,0.5999999999999996
46,NC(C(=O)NC(C(=O)O)c1ccccc1)c1cccc(OP(=O)(O)O)c1,CC(=O)Oc1ccc(C(N)C(=O)NC(C(=O)O)c2ccccc2)cc1,[16*]c1cccc(OP(=O)(O)O)c1,[16*]c1ccc(OC(C)=O)cc1,0.0002203452750109,1.5537999999999998,342.121571676,0.5412864676756568,2.781175649066075,0.0947360930387671,-0.2888243509339254,32,-8.0,-7.6,0.40000000000000036
55,C=C/C=C/C(C(=O)O)C(N)C1OC2=CCC(C)C3CC(C=O)=CC(C(C)C1NC)C23,C=CC(=O)N(C1OC2=CCC(C)C3CC(C=O)=CC(C(C)C1NC)C23)S(C)(=O)=O,[8*]C(N)C(/C=C/C=C)C(=O)O,[5*]N(C(=O)C=C)S(C)(=O)=O,3.999518958153203e-05,1.8423,422.18754306,0.5368727517862386,5.571781234871017,0.0995588878721321,-0.288218765128982,73,-7.4,-6.8,0.6000000000000005
96,CC1=NC(CCC(O)C(O)COC(CO)C(=O)O)C(=O)N=C1,CC1=NC(CCC(O)C(O)COCC(N)=O)C(=O)N=C1,[4*]C(CO)C(=O)O,[4*]CC(N)=O,0.0001400539767928,-1.569199999999998,285.132470708,0.4949914137852133,4.492301424409643,0.0954064054004356,-0.2876985755903574,5,-6.1,-6.5,-0.40000000000000036
6,CCC(CCCCCCCC(=O)NC(Cc1ccccc1)C(=O)O)C(=O)O,CCC(CCCCCCCC(=O)NCc1ccccc1OC)C(=O)O,[4*]C(Cc1ccccc1)C(=O)O,[4*]Cc1ccccc1OC,0.0002744358207564,4.1529000000000025,349.22530847199994,0.5245325384448294,2.423141120282814,0.0950420647843385,-0.2868588797171849,19,-6.3,-5.7,0.5999999999999996
63,O=C(O)CN1C(=O)CC2=C(C=CC=CC2)/C=C\C(=O)NCCC(C(=O)O)C1=O,O=C1/C=C\C2=C(CC=CC=C2)CC(=O)N(CCc2ccccc2)C(=O)C(C(=O)O)CCN1,[8*]CC(=O)O,[8*]CCc1ccccc1,0.0004893235745839,2.564,434.184171932,0.5599851175701082,4.044859684741839,0.0905412724695276,-0.2851403152581611,5,-7.8,-8.0,-0.20000000000000018
6,CCC(CCCCCCCC(=O)NC(Cc1ccccc1)C(=O)O)C(=O)O,CCC(CCCCCCCC(=O)NC(=O)Nc1ccccc1)C(=O)O,[4*]C(Cc1ccccc1)C(=O)O,[1*]C(=O)Nc1ccccc1,0.0002749629202298,4.1762000000000015,348.20490737599994,0.5228376920103213,2.4359329884146828,0.0933472183498304,-0.2740670115853163,7,-6.3,-6.0,0.2999999999999998
63,O=C(O)CN1C(=O)CC2=C(C=CC=CC2)/C=C\C(=O)NCCC(C(=O)O)C1=O,Cc1ccc(CN2C(=O)CC3=C(C=CC=CC3)/C=C\C(=O)NCCC(C(=O)O)C2=O)cc1,[8*]CC(=O)O,[8*]Cc1ccc(C)cc1,0.000484989141114,2.8299200000000013,434.1841719319999,0.5624470093773445,4.058175576542347,0.0930031642767639,-0.2718244234576534,16,-7.8,-9.1,-1.2999999999999998
58,NC(Cc1ccccc1)C(=O)OC(CCc1ccccc1)C(=O)O,NC(=O)N(Cc1ccccc1)C(CCc1ccccc1)C(=O)O,[3*]OC(=O)C(N)Cc1ccccc1,[5*]N(Cc1ccccc1)C(N)=O,0.0001302852033404,2.6533000000000007,312.1473924999999,0.8240993272830499,2.451436926733429,0.0986370434712685,-0.2585630732665702,52,-6.0,-5.9,0.09999999999999964
63,O=C(O)CN1C(=O)CC2=C(C=CC=CC2)/C=C\C(=O)NCCC(C(=O)O)C1=O,Cc1ccc(N2C(=O)CC3=C(C=CC=CC3)/C=C\C(=O)NCCC(C(=O)O)C2=O)cc1,[8*]CC(=O)O,[16*]c1ccc(C)cc1,0.0004636782978195,2.834320000000001,420.1685218679999,0.5656368663007307,4.072687564274006,0.0961930212001502,-0.2573124357259937,96,-7.8,-8.2,-0.39999999999999947
0,Cc1ccc(OC2C=COC3=CCC(C(O)O)OC32)cc1,Cc1ccc(OC2C=COC3=CCC(CC(=O)O)OC32)cc1,[8*]C(O)O,[8*]CC(=O)O,8.560987771488726e-05,2.802420000000001,302.11542367600003,0.926187832441834,4.075821806717782,0.0978581237002921,-0.2541781932822182,3,-7.3,-7.2,0.09999999999999964
63,O=C(O)CN1C(=O)CC2=C(C=CC=CC2)/C=C\C(=O)NCCC(C(=O)O)C1=O,Cc1cccc(CN2C(=O)CC3=C(C=CC=CC3)/C=C\C(=O)NCCC(C(=O)O)C2=O)c1,[8*]CC(=O)O,[8*]Cc1cccc(C)c1,0.000485022785142,2.8299200000000004,434.1841719319999,0.5624470093773445,4.0967709611577305,0.0930031642767639,-0.2332290388422695,15,-7.8,-7.7,0.09999999999999964
85,CCCC(CCCCCc1ccccc1OP(=O)(O)O)C(=O)O,CCCC(CCCCCc1ccccc1C(=O)NCCO)C(=O)O,[3*]OP(=O)(O)O,[6*]C(=O)NCCO,8.425925625488162e-05,3.0125000000000006,335.20965840799994,0.512506441048221,2.5712499966085733,0.0955496287990183,-0.2287500033914264,83,-5.9,-5.4,0.5
0,Cc1ccc(OC2C=COC3=CCC(C(O)O)OC32)cc1,Cc1ccc(OC2C=COC3=CCC(CO)OC32)cc1,[8*]C(O)O,[8*]CO,8.54534373502247e-05,2.3200200000000004,274.120509056,0.9186250122705324,4.101500186567025,0.0902953035289907,-0.2284998134329754,27,-7.3,-6.6,0.7000000000000002
0,Cc1ccc(OC2C=COC3=CCC(C(O)O)OC32)cc1,CNC(=O)CC1CC=C2OC=CC(Oc3ccc(C)cc3)C2O1,[8*]C(O)O,[8*]CC(=O)NC,8.53961319080554e-05,2.46382,315.147058152,0.9271545890247158,4.10521724348388,0.098824880283174,-0.2247827565161202,37,-7.3,-7.0,0.2999999999999998
63,O=C(O)CN1C(=O)CC2=C(C=CC=CC2)/C=C\C(=O)NCCC(C(=O)O)C1=O,Cc1ccccc1CN1C(=O)CC2=C(C=CC=CC2)/C=C\C(=O)NCCC(C(=O)O)C1=O,[8*]CC(=O)O,[8*]Cc1ccccc1C,0.0004835556319449,2.8299200000000004,434.1841719319999,0.5624470093773446,4.105752499619269,0.093003164276764,-0.2242475003807307,22,-7.8,-8.6,-0.7999999999999998
6,CCC(CCCCCCCC(=O)NC(Cc1ccccc1)C(=O)O)C(=O)O,CCC(CCCCCCCC(=O)N(C)Cc1ccc(OC)cc1)C(=O)O,[5*]NC(Cc1ccccc1)C(=O)O,[5*]N(C)Cc1ccc(OC)cc1,0.000187274054042,4.495100000000003,363.240958536,0.5242238513191049,2.4914210219214805,0.094733377658614,-0.2185789780785185,60,-6.3,-6.3,0.0
27,O=C(O)NC1COC(OC(CO)C(=O)O)COC1=O,C=CCOC1COC(=O)C(NC(=O)O)CO1,[4*]C(CO)C(=O)O,[4*]CC=C,0.0001165239518741,-0.2753000000000001,231.074287136,0.5103892423854643,3.846948184680452,0.0926082134757595,-0.2130518153195479,51,-6.6,-5.8,0.7999999999999998
79,Nc1ccccc1C(=O)NCc1ccccc1,O=C(NCc1ccccc1)c1ccc(Cl)cc1,[16*]c1ccccc1N,[16*]c1ccc(Cl)cc1,0.0126822469756007,3.2700000000000022,245.060741684,0.8836189009330354,1.2380860480885936,0.0954429508318879,-0.2119139519114075,3,-6.2,-6.2,0.0
6,CCC(CCCCCCCC(=O)NC(Cc1ccccc1)C(=O)O)C(=O)O,CCC(CCCCCCCC(=O)N(C)Cc1ccc(Cl)cc1)C(=O)O,[5*]NC(Cc1ccccc1)C(=O)O,[5*]N(C)Cc1ccc(Cl)cc1,0.0001867542450781,5.139900000000004,367.19142149999993,0.5201533697404462,2.5029442736511847,0.0906628960799554,-0.2070557263488144,67,-6.3,-5.7,0.5999999999999996
34,O=C1CC(O)C(C(O)C(=O)O)OC(=O)CCO1,NCCC1OC(=O)CCOC(=O)CC1O,[8*]C(O)C(=O)O,[8*]CCN,4.966157939634286e-05,-1.0551000000000004,217.09502258,0.5721975647134623,4.213013461736617,0.0921227187664213,-0.2069865382633828,54,-6.5,-5.9,0.5999999999999996
34,O=C1CC(O)C(C(O)C(=O)O)OC(=O)CCO1,CC(C)=CCC1OC(=O)CCOC(=O)CC1O,[8*]C(O)C(=O)O,[8*]CC=C(C)C,4.977747812517919e-05,0.9524,242.115423676,0.5762832980688369,4.220425169328276,0.0962084521217959,-0.1995748306717235,9,-6.5,-6.0,0.5
0,Cc1ccc(OC2C=COC3=CCC(C(O)O)OC32)cc1,Cc1ccc(OC2C=COC3=CCC(C(=O)O)OC32)cc1,[8*]C(O)O,[6*]C(=O)O,8.551822975277901e-05,2.41232,288.09977361200004,0.9249403578881008,4.131666685347811,0.0966106491465589,-0.1983333146521895,7,-7.3,-7.6,-0.2999999999999998
0,Cc1ccc(OC2C=COC3=CCC(C(O)O)OC32)cc1,Cc1ccc(OC2C=COC3=CCC(CCO)OC32)cc1,[8*]C(O)O,[8*]CCO,8.551542123313993e-05,2.7101200000000008,288.13615912,0.9251525398357712,4.132879774881228,0.0968228310942295,-0.1971202251187724,10,-7.3,-6.8,0.5
84,CC(CC(=O)OP(=O)(O)O)/C(N)=C/CC(=O)O,CC(=O)NOC(=O)CC(C)/C(N)=C/CC(=O)O,[3*]OP(=O)(O)O,[3*]ONC(C)=O,0.0001278524723602,-0.0757999999999994,244.105921612,0.5820439368311912,3.783225596815859,0.0919992496573012,-0.1867744031841409,84,-6.2,-6.0,0.20000000000000018
26,O=C(O)C(C(=O)O)C1CC(CO)c2ccccc2O1,NC(=O)CC1CC(CO)c2ccccc2O1,[8*]C(C(=O)O)C(=O)O,[8*]CC(N)=O,5.985981988487765e-05,0.7889999999999997,221.10519334,0.7921468357835829,3.248042520344788,0.0992879957443823,-0.1819574796552121,60,-6.8,-6.5,0.2999999999999998
58,NC(Cc1ccccc1)C(=O)OC(CCc1ccccc1)C(=O)O,O=C(O)C(CCc1ccccc1)N(C(=O)CO)c1ccccc1,[3*]OC(=O)C(N)C[8*],[5*]N([5*])C(=O)CO,0.0001179278769996,2.0979,313.131408088,0.8203594986286754,2.533621305431655,0.094897214816894,-0.1763786945683438,57,-6.0,-6.0,0.0
0,Cc1ccc(OC2C=COC3=CCC(C(O)O)OC32)cc1,Cc1ccc(OC2C=COC3=CCC(CCN)OC32)cc1,[8*]C(O)O,[8*]CCN,8.544106094632298e-05,2.676520000000001,287.152143532,0.924754885233468,4.166171830366727,0.0964251764919261,-0.1638281696332733,29,-7.3,-6.5,0.7999999999999998
0,Cc1ccc(OC2C=COC3=CCC(C(O)O)OC32)cc1,Cc1ccc(OC2C=COC3=CCC(C(N)=O)OC32)cc1,[8*]C(O)O,[6*]C(N)=O,8.547835022909567e-05,1.81302,287.115758024,0.9201103398051595,4.168762839193963,0.0917806310636177,-0.1612371608060367,23,-7.3,-7.2,0.09999999999999964
23,NC(=O)C(O)C1OC(CO)C(O)C1O,NC(=O)C(O)C1(CO)CCNCC1,[13*]C1OC([13*])C(O)C1O,[15*]C1([15*])CCNCC1,0.000117645249702,-1.8053,188.116092372,0.419774446879862,3.810534469279833,0.0963915297192106,-0.1594655307201664,9,-5.8,-5.2,0.5999999999999996
0,Cc1ccc(OC2C=COC3=CCC(C(O)O)OC32)cc1,CNCC1CC=C2OC=CC(Oc3ccc(C)cc3)C2O1,[8*]C(O)O,[8*]CNC,8.533945947419852e-05,2.5471200000000005,287.152143532,0.9235854024967108,4.17178065760506,0.0952556937551689,-0.1582193423949398,50,-7.3,-6.7,0.5999999999999996
6,CCC(CCCCCCCC(=O)NC(Cc1ccccc1)C(=O)O)C(=O)O,CCC(CCCCCCCC(=O)NC(=O)Cc1ccc(Cl)cc1)C(=O)O,[4*]C(Cc1ccccc1)C(=O)O,[1*]C(=O)Cc1ccc(Cl)cc1,0.0002741969656199,4.366800000000003,381.1706860559999,0.526475131777628,2.553463329613788,0.0969846581171371,-0.1565366703862114,25,-6.3,-6.3,0.0
0,Cc1ccc(OC2C=COC3=CCC(C(O)O)OC32)cc1,Cc1ccc(OC2C=COC3=CCC(CC(N)=O)OC32)cc1,[8*]C(O)O,[8*]CC(N)=O,8.551710197934881e-05,2.20312,301.131408088,0.925244756580818,4.176206422102397,0.0969150478392762,-0.1537935778976029,9,-7.3,-7.4,-0.10000000000000053
63,O=C(O)CN1C(=O)CC2=C(C=CC=CC2)/C=C\C(=O)NCCC(C(=O)O)C1=O,O=C1/C=C\C2=C(CC=CC=C2)CC(=O)N(Cc2cccnc2)C(=O)C(C(=O)O)CCN1,[8*]CC(=O)O,[8*]Cc1cccnc1,0.0004761921009048,1.9165,421.163770836,0.5689070286440597,4.177705649636918,0.0994631835434792,-0.152294350363082,47,-7.8,-7.8,0.0
58,NC(Cc1ccccc1)C(=O)OC(CCc1ccccc1)C(=O)O,NCC(=O)N(c1ccccc1)C(CCc1ccccc1)C(=O)O,[3*]OC(=O)C(N)C[8*],[5*]N([5*])C(=O)CN,0.0001184831562568,2.0643,312.1473924999999,0.8194964894614419,2.5585486427097592,0.0940342056496605,-0.1514513572902398,56,-6.0,-6.1,-0.09999999999999964
90,O=C(CC(CO)CCOP(=O)(O)O)Nc1ccncc1,O=C(CBr)NCCC(CO)CC(=O)Nc1ccncc1,[3*]OP(=O)(O)O,[5*]NC(=O)CBr,0.0001643506984692,0.9198999999999992,343.053153536,0.611841524612855,2.919153481695412,0.0967645496903742,-0.1508465183045881,49,-6.1,-5.3,0.7999999999999998
40,O=C(CCCCc1ccccc1)NCc1ccccc1,O=C(CCc1ccccc1)NCc1ccccc1,[1*]C(=O)CCCC[8*],[1*]C(=O)CC[8*],0.0003480066661722,2.9356000000000018,239.131014164,0.8536241093529247,1.3004969934810298,0.0924833303795042,-0.1495030065189713,49,-5.6,-6.5,-0.9000000000000004
80,C/C=C\C1C(C)CCC(C(=O)O)O[C@](CO)(OCC)C(O)CCC1C(=O)OC(C)=O,C/C=C\C1C(C)CCC(C(=O)O)O[C@](CO)(OCC)C(O)CCC1C(=O)OC(C)C,[1*]C(C)=O,[4*]C(C)C,0.0006703432882204,2.5124000000000004,430.256668176,0.4159110993720252,5.173149582138828,0.0900563002783953,-0.146850417861172,28,-6.4,-6.5,-0.09999999999999964
63,O=C(O)CN1C(=O)CC2=C(C=CC=CC2)/C=C\C(=O)NCCC(C(=O)O)C1=O,O=C1/C=C\C2=C(CC=CC=C2)CC(=O)N(Cc2ccncc2)C(=O)C(C(=O)O)CCN1,[8*]CC(=O)O,[8*]Cc1ccncc1,0.0004729926586151,1.9165,421.163770836,0.5689070286440597,4.183420334951605,0.0994631835434792,-0.146579665048395,58,-7.8,-8.0,-0.20000000000000018
46,NC(C(=O)NC(C(=O)O)c1ccccc1)c1cccc(OP(=O)(O)O)c1,NC(C(=O)N(CCO)c1ccccc1)c1cccc(OP(=O)(O)O)c1,[5*]NC([8*])C(=O)O,[5*]N([5*])CCO,0.0002284164365846,1.1833999999999996,366.09807295799993,0.5408381863399127,2.932893437530783,0.0942878117030229,-0.1371065624692171,23,-8.0,-6.7,1.2999999999999998
63,O=C(O)CN1C(=O)CC2=C(C=CC=CC2)/C=C\C(=O)NCCC(C(=O)O)C1=O,O=C1/C=C\C2=C(CC=CC=C2)CC(=O)N(Cc2ccccn2)C(=O)C(C(=O)O)CCN1,[8*]CC(=O)O,[8*]Cc1ccccn1,0.0004729296488221,1.9165,421.163770836,0.5689070286440597,4.193103202084472,0.0994631835434792,-0.1368967979155284,59,-7.8,-8.5,-0.7000000000000002
42,CCCC(=O)OC1C(CO)O[C@@]2(COP(=O)(O)O)COOC12,CCCC(=O)OC1C(CO)O[C@]2(CC(=O)NC(N)=O)COOC12,[8*]COP(=O)(O)O,[8*]CC(=O)NC(N)=O,4.312699456932023e-05,-1.2563999999999982,332.12196559999995,0.4034518920368806,4.571509229527003,0.0956464638215142,-0.1184907704729978,90,-6.9,-6.7,0.20000000000000018
41,O=C(O)/C(O)=C/CCc1ccccc1,CC(Cl)=CCCc1ccccc1,[7*]=C(O)C(=O)O,[7*]=C(C)Cl,0.0013634271454066,3.761800000000002,180.070578096,0.6646814520519948,2.052213507109196,0.0974160224727774,-0.1177864928908043,50,-5.9,-4.8,1.1000000000000005
63,O=C(O)CN1C(=O)CC2=C(C=CC=CC2)/C=C\C(=O)NCCC(C(=O)O)C1=O,CCCCN1C(=O)CC2=C(C=CC=CC2)/C=C\C(=O)NCCC(C(=O)O)C1=O,[8*]CC(=O)O,[8*]CCCC,0.0004922336083836,2.1214,386.1841719319999,0.5689289433113465,4.224565165791322,0.0994850982107659,-0.1054348342086779,1,-7.8,-7.0,0.7999999999999998
41,O=C(O)/C(O)=C/CCc1ccccc1,O=C(C=CCCc1ccccc1)C1CC1,[7*]=C(O)C(=O)O,[7*]=CC(=O)C1CC1,0.0013405112549662,3.1545000000000023,200.120115132,0.6671795204216971,2.069429004313756,0.0999140908424798,-0.1005709956862439,69,-5.9,-5.2,0.7000000000000002
38,O=C(O)NCCCCOP(=O)(O)O,[11CH3]OCCCCOP(=O)(O)O,[5*]NC(=O)O,[3*]O[11CH3],0.0002637233992572,0.5223,183.061493746,0.4634437225298705,2.3413727500903327,0.0952859286108516,-0.0986272499096676,17,-5.7,-4.5,1.2000000000000002
58,NC(Cc1ccccc1)C(=O)OC(CCc1ccccc1)C(=O)O,CCNC(=O)N(c1ccccc1)C(CCc1ccccc1)C(=O)O,[3*]OC(=O)C(N)C[8*],[5*]N([5*])C(=O)NCC,0.0001168021990451,3.308500000000002,326.1630425639999,0.8199328478514514,2.611686327398065,0.09447056403967,-0.0983136726019342,61,-6.0,-5.9,0.09999999999999964
89,O=C1NC(=O)C2C(C(=O)O)C=C(c3ccccc3)OC2C1O,O=C1NC(=O)C2C(C(=O)N3CCCCC3)C=C(c3ccccc3)OC2C1O,[6*]C(=O)O,[6*]C(=O)N1CCCCC1,0.0001480724022258,0.6884999999999994,370.152871804,0.7470057973029153,3.9648584553542254,0.0970258578919734,-0.0951415446457728,65,-7.4,-8.4,-1.0
67,O=C(O)CC1CCCCCC/C=C(\C(=O)O)OC(CO)C(O)CC1,CCCCC1CCCCCC/C=C(\C(=O)O)OC(CO)C(O)CC1,[8*]CC(=O)O,[8*]CCCC,0.000294989964459,3.634100000000002,342.240624188,0.7099533472957645,3.971154416288853,0.0961005487180494,-0.088845583711147,10,-7.1,-7.0,0.09999999999999964
6,CCC(CCCCCCCC(=O)NC(Cc1ccccc1)C(=O)O)C(=O)O,CCC(CCCCCCCC(=O)N(c1ccccc1)C(C)C)C(=O)O,[5*]NC(C[8*])C(=O)O,[5*]N([5*])C(C)C,0.0001406270457664,5.269500000000004,347.246043916,0.5240276203513707,2.621993103082623,0.0945371466908799,-0.0880068969173759,81,-6.3,-5.6,0.7000000000000002
26,O=C(O)C(C(=O)O)C1CC(CO)c2ccccc2O1,C=CCNC(=O)C1CC(CO)c2ccccc2O1,[8*]C(C(=O)O)C(=O)O,[6*]C(=O)NCC=C,5.982402217341587e-05,1.2157999999999998,247.120843404,0.7863743966489253,3.3452819596761527,0.0935155566097246,-0.084718040323847,92,-6.8,-6.3,0.5
89,O=C1NC(=O)C2C(C(=O)O)C=C(c3ccccc3)OC2C1O,O=C1NC(=O)C2C(C(=O)N3CCCC3)C=C(c3ccccc3)OC2C1O,[6*]C(=O)O,[6*]C(=O)N1CCCC1,0.0001489014393882,0.2983999999999996,356.13722174,0.7432565731225518,3.982442842660726,0.0932766337116099,-0.0775571573392737,43,-7.4,-8.1,-0.6999999999999993
62,NCC1CCC(C(=O)O)C2CCC(C(=O)O)CC2c2ccccc2C1N,CCOC1CCC(C(=O)O)C2CCC(C(=O)O)CC2c2ccccc2C1N,[8*]CN,[3*]OCC,0.0001457833132008,3.170600000000001,375.2045730280001,0.7455189936764536,4.453249088161737,0.0903652382934245,-0.0567509118382627,53,-6.7,-6.9,-0.20000000000000018
8,CCC1CCC(C(=O)O)CCCC(O)C(C(=O)O)OC2CCCCC2O1,CCC1CCC(C(=O)O)CCCC(O)C(COC)OC2CCCCC2O1,[6*]C(=O)O,[8*]COC,0.0001187411398859,3.1502000000000017,372.251188872,0.788454762421001,4.371030584175152,0.0908813897583759,-0.0489694158248479,97,-7.5,-6.8,0.7000000000000002
85,CCCC(CCCCCc1ccccc1OP(=O)(O)O)C(=O)O,CCCC(CCCCCc1ccccc1C(=O)ON)C(=O)O,[3*]OP(=O)(O)O,[6*]C(=O)ON,8.44058595248498e-05,3.320900000000001,307.17835828,0.5109973278486148,2.751894523944703,0.0940405155994122,-0.048105476055297,48,-5.9,-5.9,0.0
62,NCC1CCC(C(=O)O)C2CCC(C(=O)O)CC2c2ccccc2C1N,CC(=O)C1CCC(C(=O)O)C2CCC(C(=O)O)CC2c2ccccc2C1N,[8*]CN,[6*]C(C)=O,0.0001464581873733,2.970700000000001,373.1889229640001,0.7495885368228156,4.47058931269396,0.0944347814397865,-0.0394106873060398,17,-6.7,-7.6,-0.8999999999999995
63,O=C(O)CN1C(=O)CC2=C(C=CC=CC2)/C=C\C(=O)NCCC(C(=O)O)C1=O,O=C1/C=C\C2=C(CC=CC=C2)CC(=O)N(CC2CCC2)C(=O)C(C(=O)O)CCN1,[8*]CC(=O)O,[8*]CC1CCC1,0.0004645877925213,2.1214,398.184171932,0.5598252243382674,4.296503541992421,0.0903813792376869,-0.0334964580075789,92,-7.8,-7.8,0.0
89,O=C1NC(=O)C2C(C(=O)O)C=C(c3ccccc3)OC2C1O,O=C1NC(=O)C2C(CN3CCOCC3)C=C(c3ccccc3)OC2C1O,[6*]C(=O)O,[8*]CN1CCOCC1,0.0001474910968681,0.0081999999999993,358.152871804,0.7403167735145737,4.032715957005841,0.0903368341036319,-0.0272840429941583,90,-7.4,-7.8,-0.39999999999999947
62,NCC1CCC(C(=O)O)C2CCC(C(=O)O)CC2c2ccccc2C1N,COCC1CCC(C(=O)O)C2CCC(C(=O)O)CC2c2ccccc2C1N,[8*]CN,[8*]COC,0.0001467440742999,3.028100000000001,375.2045730280001,0.7460800904472513,4.4846115497001975,0.0909263350642223,-0.0253884502998023,1,-6.7,-7.4,-0.7000000000000002
67,O=C(O)CC1CCCCCC/C=C(\C(=O)O)OC(CO)C(O)CC1,COCCC1CCCCCC/C=C(\C(=O)O)OC(CO)C(O)CC1,[8*]CC(=O)O,[8*]CCOC,0.0002888425078708,2.4804000000000004,344.21988874399995,0.7089326112985811,4.042943624095971,0.0950798127208659,-0.0170563759040289,16,-7.1,-6.1,1.0
6,CCC(CCCCCCCC(=O)NC(Cc1ccccc1)C(=O)O)C(=O)O,CCC(CCCCCCCC(=O)N(CC(N)=O)c1ccccc1)C(=O)O,[5*]NC(C[8*])C(=O)O,[5*]N([5*])CC(N)=O,0.0001402143680024,3.346400000000001,362.22055744,0.5254675717124098,2.6956960219214814,0.0959770980519189,-0.0143039780785176,82,-6.3,-6.3,0.0
26,O=C(O)C(C(=O)O)C1CC(CO)c2ccccc2O1,O=S(=O)(O)CC1CC(CO)c2ccccc2O1,[8*]C(C(=O)O)C(=O)O,[8*]CS(=O)(=O)O,5.993308150209487e-05,0.8014000000000001,258.056194548,0.783455113013012,3.42639355646058,0.0905962729738113,-0.0036064435394198,11,-6.8,-6.5,0.2999999999999998
