MOLECULE-A,MOLECULE-B,REMOVAL-FRAG,INSERTION-FRAG,GEN-MOL-SMI,DELTA-LOGP,DELTA-QED,CASE
Cc1nc2ccc(Cl)cc2c(-n2ccc3c(O)cc(-c4cn[nH]c4)cc32)c1C,NC(=O)[C@H](Cc1ccccc1)NC(=O)[C@H](CS)NC(=O)c1cn[nH]c1,[*]c1[c;H1][n;H1][n;H0][c;H1]1,[16*]c1ccc(O)cc1,NC(=O)[C@H](Cc1ccccc1)NC(=O)[C@H](CS)NC(=O)c1ccc(O)cc1,0.9825000000000002,0.01516954120989733,A $\rightarrow$ B
Cc1nc2ccc(Cl)cc2c(-n2ccc3c(O)cc(-c4cn[nH]c4)cc32)c1C,NC(=O)[C@H](Cc1ccccc1)NC(=O)[C@H](CS)NC(=O)c1cn[nH]c1,[*]c1[c;H1][n;H1][n;H0][c;H1]1,[16*]c1ccc(C)nc1,Cc1ccc(C(=O)N[C@@H](CS)C(=O)N[C@@H](Cc2ccccc2)C(N)=O)cn1,0.9803200000000003,0.08685611784580965,A $\rightarrow$ B
Cc1nc2ccc(Cl)cc2c(-n2ccc3c(O)cc(-c4cn[nH]c4)cc32)c1C,NC(=O)[C@H](Cc1ccccc1)NC(=O)[C@H](CS)NC(=O)c1cn[nH]c1,[*]c1[c;H1][n;H1][n;H0][c;H1]1,[16*]c1ccoc1,NC(=O)[C@H](Cc1ccccc1)NC(=O)[C@H](CS)NC(=O)c1ccoc1,0.8699000000000001,0.10177907197845704,A $\rightarrow$ B
Cc1nc2ccc(Cl)cc2c(-n2ccc3c(O)cc(-c4cn[nH]c4)cc32)c1C,NC(=O)[C@H](Cc1ccccc1)NC(=O)[C@H](CS)NC(=O)c1cn[nH]c1,[*]c1[c;H1][n;H1][n;H0][c;H1]1,[16*]c1cccc(O)c1,NC(=O)[C@H](Cc1ccccc1)NC(=O)[C@H](CS)NC(=O)c1cccc(O)c1,0.9825000000000004,0.01516954120989733,A $\rightarrow$ B
Cc1nc2ccc(Cl)cc2c(-n2ccc3c(O)cc(-c4cn[nH]c4)cc32)c1C,NC(=O)[C@H](Cc1ccccc1)NC(=O)[C@H](CS)NC(=O)c1cn[nH]c1,[*]c1[c;H1][n;H1][n;H0][c;H1]1,[16*]c1ccnc(C)c1,Cc1cc(C(=O)N[C@@H](CS)C(=O)N[C@@H](Cc2ccccc2)C(N)=O)ccn1,0.9803200000000003,0.08685611784580965,A $\rightarrow$ B
Cc1nc2ccc(Cl)cc2c(-n2ccc3c(O)cc(-c4cn[nH]c4)cc32)c1C,NC(=O)[C@H](Cc1ccccc1)NC(=O)[C@H](CS)NC(=O)c1cn[nH]c1,[*]c1[c;H1][n;H1][n;H0][c;H1]1,[16*]c1cncc(C)c1,Cc1cncc(C(=O)N[C@@H](CS)C(=O)N[C@@H](Cc2ccccc2)C(N)=O)c1,0.9803200000000003,0.08685611784580965,A $\rightarrow$ B
Cc1nc2ccc(Cl)cc2c(-n2ccc3c(O)cc(-c4cn[nH]c4)cc32)c1C,NC(=O)[C@H](Cc1ccccc1)NC(=O)[C@H](CS)NC(=O)c1cn[nH]c1,[*]c1[c;H1][n;H1][n;H0][c;H1]1,[16*]c1cccnc1C,Cc1ncccc1C(=O)N[C@@H](CS)C(=O)N[C@@H](Cc1ccccc1)C(N)=O,0.9803200000000003,0.08685611784580965,A $\rightarrow$ B
Cc1nc2ccc(Cl)cc2c(-n2ccc3c(O)cc(-c4cn[nH]c4)cc32)c1C,NC(=O)[C@H](Cc1ccccc1)NC(=O)[C@H](CS)NC(=O)c1cn[nH]c1,[*]c1[c;H1][n;H1][n;H0][c;H1]1,[16*]c1ccc(C#N)cc1,N#Cc1ccc(C(=O)N[C@@H](CS)C(=O)N[C@@H](Cc2ccccc2)C(N)=O)cc1,1.1485800000000002,0.08108271644263748,A $\rightarrow$ B
Cc1nc2ccc(Cl)cc2c(-n2ccc3c(O)cc(-c4cn[nH]c4)cc32)c1C,NC(=O)[C@H](Cc1ccccc1)NC(=O)[C@H](CS)NC(=O)c1cn[nH]c1,[*]c1[c;H1][n;H1][n;H0][c;H1]1,[16*]c1ccccc1O,NC(=O)[C@H](Cc1ccccc1)NC(=O)[C@H](CS)NC(=O)c1ccccc1O,0.9825000000000002,0.01516954120989733,A $\rightarrow$ B
Cc1nc2ccc(Cl)cc2c(-n2ccc3c(O)cc(-c4cn[nH]c4)cc32)c1C,NC(=O)[C@H](Cc1ccccc1)NC(=O)[C@H](CS)NC(=O)c1cn[nH]c1,[*]c1[c;H1][n;H1][n;H0][c;H1]1,[14*]c1cccc(C)n1,Cc1cccc(C(=O)N[C@@H](CS)C(=O)N[C@@H](Cc2ccccc2)C(N)=O)n1,0.9803199999999999,0.08685611784580965,A $\rightarrow$ B
Cc1nc2ccc(Cl)cc2c(-n2ccc3c(O)cc(-c4cn[nH]c4)cc32)c1C,NC(=O)[C@H](Cc1ccccc1)NC(=O)[C@H](CS)NC(=O)c1cn[nH]c1,[*]c1[c;H1][n;H1][n;H0][c;H1]1,[16*]c1cccc(C#N)c1,N#Cc1cccc(C(=O)N[C@@H](CS)C(=O)N[C@@H](Cc2ccccc2)C(N)=O)c1,1.14858,0.08108271644263748,A $\rightarrow$ B
Cc1nc2ccc(Cl)cc2c(-n2ccc3c(O)cc(-c4cn[nH]c4)cc32)c1C,NC(=O)[C@H](Cc1ccccc1)NC(=O)[C@H](CS)NC(=O)c1cn[nH]c1,[*]c1[c;H1][n;H1][n;H0][c;H1]1,[16*]c1ccc(C(=O)OC)cc1,COC(=O)c1ccc(C(=O)N[C@@H](CS)C(=O)N[C@@H](Cc2ccccc2)C(N)=O)cc1,1.0635000000000001,-0.0665634970558519,A $\rightarrow$ B
Cc1nc2ccc(Cl)cc2c(-n2ccc3c(O)cc(-c4cn[nH]c4)cc32)c1C,NC(=O)[C@H](Cc1ccccc1)NC(=O)[C@H](CS)NC(=O)c1cn[nH]c1,[*]c1[c;H1][n;H1][n;H0][c;H1]1,[8*]C(C)(C)C,CC(C)(C)C(=O)N[C@@H](CS)C(=O)N[C@@H](Cc1ccccc1)C(N)=O,1.0091999999999999,0.13139149310445497,A $\rightarrow$ B
Cc1nc2ccc(Cl)cc2c(-n2ccc3c(O)cc(-c4cn[nH]c4)cc32)c1C,NC(=O)[C@H](Cc1ccccc1)NC(=O)[C@H](CS)NC(=O)c1cn[nH]c1,[*]c1[c;H1][n;H1][n;H0][c;H1]1,[14*]c1ccco1,NC(=O)[C@H](Cc1ccccc1)NC(=O)[C@H](CS)NC(=O)c1ccco1,0.8699000000000001,0.10177907197845704,A $\rightarrow$ B
Cc1nc2ccc(Cl)cc2c(-n2ccc3c(O)cc(-c4cn[nH]c4)cc32)c1C,NC(=O)[C@H](Cc1ccccc1)NC(=O)[C@H](CS)NC(=O)c1cn[nH]c1,[*]c1[c;H1][n;H1][n;H0][c;H1]1,[16*]c1ccc(F)nc1,NC(=O)[C@H](Cc1ccccc1)NC(=O)[C@H](CS)NC(=O)c1ccc(F)nc1,0.8109999999999999,-0.02419582339537274,A $\rightarrow$ B
Cc1nc2ccc(Cl)cc2c(-n2ccc3c(O)cc(-c4cn[nH]c4)cc32)c1C,NC(=O)[C@H](Cc1ccccc1)NC(=O)[C@H](CS)NC(=O)c1cn[nH]c1,[*]c1[c;H1][n;H1][n;H0][c;H1]1,[16*]c1c[nH]c(C)c1,Cc1cc(C(=O)N[C@@H](CS)C(=O)N[C@@H](Cc2ccccc2)C(N)=O)c[nH]1,0.9134200000000003,0.023275732201409105,A $\rightarrow$ B
Cc1nc2ccc(Cl)cc2c(-n2ccc3c(O)cc(-c4cn[nH]c4)cc32)c1C,NC(=O)[C@H](Cc1ccccc1)NC(=O)[C@H](CS)NC(=O)c1cn[nH]c1,[*]c1[c;H1][n;H1][n;H0][c;H1]1,[16*]c1ccncc1C,Cc1cnccc1C(=O)N[C@@H](CS)C(=O)N[C@@H](Cc1ccccc1)C(N)=O,0.9803200000000003,0.08685611784580965,A $\rightarrow$ B
Cc1nc2ccc(Cl)cc2c(-n2ccc3c(O)cc(-c4cn[nH]c4)cc32)c1C,NC(=O)[C@H](Cc1ccccc1)NC(=O)[C@H](CS)NC(=O)c1cn[nH]c1,[*]c1[c;H1][n;H1][n;H0][c;H1]1,[16*]c1cnccc1C,Cc1ccncc1C(=O)N[C@@H](CS)C(=O)N[C@@H](Cc1ccccc1)C(N)=O,0.9803200000000003,0.08685611784580965,A $\rightarrow$ B
Cc1nc2ccc(Cl)cc2c(-n2ccc3c(O)cc(-c4cn[nH]c4)cc32)c1C,NC(=O)[C@H](Cc1ccccc1)NC(=O)[C@H](CS)NC(=O)c1cn[nH]c1,[*]c1[c;H1][n;H1][n;H0][c;H1]1,[14*]c1ccc(C)cn1,Cc1ccc(C(=O)N[C@@H](CS)C(=O)N[C@@H](Cc2ccccc2)C(N)=O)nc1,0.9803200000000003,0.08685611784580965,A $\rightarrow$ B
Cc1nc2ccc(Cl)cc2c(-n2ccc3c(O)cc(-c4cn[nH]c4)cc32)c1C,NC(=O)[C@H](Cc1ccccc1)NC(=O)[C@H](CS)NC(=O)c1cn[nH]c1,[*]c1[c;H1][n;H1][n;H0][c;H1]1,[16*]c1ccc(N)cc1,NC(=O)[C@H](Cc1ccccc1)NC(=O)[C@H](CS)NC(=O)c1ccc(N)cc1,0.8591000000000011,-0.07698851972809445,A $\rightarrow$ B
Cc1nc2ccc(Cl)cc2c(-n2ccc3c(O)cc(-c4cn[nH]c4)cc32)c1C,NC(=O)[C@H](Cc1ccccc1)NC(=O)[C@H](CS)NC(=O)c1cn[nH]c1,[*]c1[c;H1][n;H1][n;H0][c;H1]1,[8*]C(F)(F)Cl,NC(=O)[C@H](Cc1ccccc1)NC(=O)[C@H](CS)NC(=O)C(F)(F)Cl,0.7947,-0.02217243574100841,A $\rightarrow$ B
Cc1nc2ccc(Cl)cc2c(-n2ccc3c(O)cc(-c4cn[nH]c4)cc32)c1C,NC(=O)[C@H](Cc1ccccc1)NC(=O)[C@H](CS)NC(=O)c1cn[nH]c1,[*]c1[c;H1][n;H1][n;H0][c;H1]1,[16*]c1ccc(N=O)cc1,NC(=O)[C@H](Cc1ccccc1)NC(=O)[C@H](CS)NC(=O)c1ccc(N=O)cc1,1.6748,-0.03803423628223851,A $\rightarrow$ B
Cc1nc2ccc(Cl)cc2c(-n2ccc3c(O)cc(-c4cn[nH]c4)cc32)c1C,NC(=O)[C@H](Cc1ccccc1)NC(=O)[C@H](CS)NC(=O)c1cn[nH]c1,[*]c1[c;H1][n;H1][n;H0][c;H1]1,[16*]c1cncc(F)c1,NC(=O)[C@H](Cc1ccccc1)NC(=O)[C@H](CS)NC(=O)c1cncc(F)c1,0.8109999999999999,0.0789864917037213,A $\rightarrow$ B
Cc1nc2ccc(Cl)cc2c(-n2ccc3c(O)cc(-c4cn[nH]c4)cc32)c1C,NC(=O)[C@H](Cc1ccccc1)NC(=O)[C@H](CS)NC(=O)c1cn[nH]c1,[*]c1[c;H1][n;H1][n;H0][c;H1]1,[14*]c1ccc(C)[nH]1,Cc1ccc(C(=O)N[C@@H](CS)C(=O)N[C@@H](Cc2ccccc2)C(N)=O)[nH]1,0.9134200000000003,0.023275732201409105,A $\rightarrow$ B
Cc1nc2ccc(Cl)cc2c(-n2ccc3c(O)cc(-c4cn[nH]c4)cc32)c1C,NC(=O)[C@H](Cc1ccccc1)NC(=O)[C@H](CS)NC(=O)c1cn[nH]c1,[*]c1[c;H1][n;H1][n;H0][c;H1]1,[14*]c1ccc(F)o1,NC(=O)[C@H](Cc1ccccc1)NC(=O)[C@H](CS)NC(=O)c1ccc(F)o1,1.0090000000000001,0.09306752926445838,A $\rightarrow$ B
Cc1nc2ccc(Cl)cc2c(-n2ccc3c(O)cc(-c4cn[nH]c4)cc32)c1C,NC(=O)[C@H](Cc1ccccc1)NC(=O)[C@H](CS)NC(=O)c1cn[nH]c1,[*]c1[c;H1][n;H1][n;H0][c;H1]1,[16*]c1cccc(N)c1,NC(=O)[C@H](Cc1ccccc1)NC(=O)[C@H](CS)NC(=O)c1cccc(N)c1,0.8591000000000002,-0.07698851972809445,A $\rightarrow$ B
Cc1nc2ccc(Cl)cc2c(-n2ccc3c(O)cc(-c4cn[nH]c4)cc32)c1C,NC(=O)[C@H](Cc1ccccc1)NC(=O)[C@H](CS)NC(=O)c1cn[nH]c1,[*]c1[c;H1][n;H1][n;H0][c;H1]1,[16*]c1ccn(CC)c1,CCn1ccc(C(=O)N[C@@H](CS)C(=O)N[C@@H](Cc2ccccc2)C(N)=O)c1,1.0983,0.06485945220948558,A $\rightarrow$ B
Cc1nc2ccc(Cl)cc2c(-n2ccc3c(O)cc(-c4cn[nH]c4)cc32)c1C,NC(=O)[C@H](Cc1ccccc1)NC(=O)[C@H](CS)NC(=O)c1cn[nH]c1,[*]c1[c;H1][n;H1][n;H0][c;H1]1,[14*]c1cc(C)ccn1,Cc1ccnc(C(=O)N[C@@H](CS)C(=O)N[C@@H](Cc2ccccc2)C(N)=O)c1,0.9803199999999999,0.08685611784580965,A $\rightarrow$ B
Cc1nc2ccc(Cl)cc2c(-n2ccc3c(O)cc(-c4cn[nH]c4)cc32)c1C,NC(=O)[C@H](Cc1ccccc1)NC(=O)[C@H](CS)NC(=O)c1cn[nH]c1,[*]c1[c;H1][n;H1][n;H0][c;H1]1,[16*]c1ccnc(F)c1,NC(=O)[C@H](Cc1ccccc1)NC(=O)[C@H](CS)NC(=O)c1ccnc(F)c1,0.8109999999999999,-0.02419582339537274,A $\rightarrow$ B
Cc1nc2ccc(Cl)cc2c(-n2ccc3c(O)cc(-c4cn[nH]c4)cc32)c1C,NC(=O)[C@H](Cc1ccccc1)NC(=O)[C@H](CS)NC(=O)c1cn[nH]c1,[*]c1[c;H1][n;H1][n;H0][c;H1]1,[16*]c1ccc(ON(C)C)cc1,CN(C)Oc1ccc(C(=O)N[C@@H](CS)C(=O)N[C@@H](Cc2ccccc2)C(N)=O)cc1,1.1323000000000005,-0.0828120123374485,A $\rightarrow$ B
Cc1nc2ccc(Cl)cc2c(-n2ccc3c(O)cc(-c4cn[nH]c4)cc32)c1C,NC(=O)[C@H](Cc1ccccc1)NC(=O)[C@H](CS)NC(=O)c1cn[nH]c1,[*]c1[c;H1][n;H1][n;H0][c;H1]1,[16*]c1cccc(C(=O)OC)c1,COC(=O)c1cccc(C(=O)N[C@@H](CS)C(=O)N[C@@H](Cc2ccccc2)C(N)=O)c1,1.0635000000000006,-0.0665634970558519,A $\rightarrow$ B
Cc1nc2ccc(Cl)cc2c(-n2ccc3c(O)cc(-c4cn[nH]c4)cc32)c1C,NC(=O)[C@H](Cc1ccccc1)NC(=O)[C@H](CS)NC(=O)c1cn[nH]c1,[*]c1[c;H1][n;H1][n;H0][c;H1]1,[14*]c1ncccc1C,Cc1cccnc1C(=O)N[C@@H](CS)C(=O)N[C@@H](Cc1ccccc1)C(N)=O,0.9803200000000003,0.08685611784580965,A $\rightarrow$ B
Cc1nc2ccc(Cl)cc2c(-n2ccc3c(O)cc(-c4cn[nH]c4)cc32)c1C,NC(=O)[C@H](Cc1ccccc1)NC(=O)[C@H](CS)NC(=O)c1cn[nH]c1,[*]c1[c;H1][n;H1][n;H0][c;H1]1,[16*]c1cccc(N=O)c1,NC(=O)[C@H](Cc1ccccc1)NC(=O)[C@H](CS)NC(=O)c1cccc(N=O)c1,1.6748,-0.03803423628223851,A $\rightarrow$ B
Cc1nc2ccc(Cl)cc2c(-n2ccc3c(O)cc(-c4cn[nH]c4)cc32)c1C,NC(=O)[C@H](Cc1ccccc1)NC(=O)[C@H](CS)NC(=O)c1cn[nH]c1,[*]c1[c;H1][n;H1][n;H0][c;H1]1,[16*]c1ccc2ccnn2c1,NC(=O)[C@H](Cc1ccccc1)NC(=O)[C@H](CS)NC(=O)c1ccc2ccnn2c1,0.9245999999999999,-0.0060381131039879965,A $\rightarrow$ B
Cc1nc2ccc(Cl)cc2c(-n2ccc3c(O)cc(-c4cn[nH]c4)cc32)c1C,NC(=O)[C@H](Cc1ccccc1)NC(=O)[C@H](CS)NC(=O)c1cn[nH]c1,[*]c1[c;H1][n;H1][n;H0][c;H1]1,[16*]c1cccnc1F,NC(=O)[C@H](Cc1ccccc1)NC(=O)[C@H](CS)NC(=O)c1cccnc1F,0.8110000000000002,-0.02419582339537274,A $\rightarrow$ B
Cc1nc2ccc(Cl)cc2c(-n2ccc3c(O)cc(-c4cn[nH]c4)cc32)c1C,NC(=O)[C@H](Cc1ccccc1)NC(=O)[C@H](CS)NC(=O)c1cn[nH]c1,[*]c1[c;H1][n;H1][n;H0][c;H1]1,[14*]c1cc(C)c[nH]1,Cc1c[nH]c(C(=O)N[C@@H](CS)C(=O)N[C@@H](Cc2ccccc2)C(N)=O)c1,0.9134200000000003,0.023275732201409105,A $\rightarrow$ B
Cc1nc2ccc(Cl)cc2c(-n2ccc3c(O)cc(-c4cn[nH]c4)cc32)c1C,NC(=O)[C@H](Cc1ccccc1)NC(=O)[C@H](CS)NC(=O)c1cn[nH]c1,[*]c1[c;H1][n;H1][n;H0][c;H1]1,[16*]c1ccc2c(c1)OCO2,NC(=O)[C@H](Cc1ccccc1)NC(=O)[C@H](CS)NC(=O)c1ccc2c(c1)OCO2,1.0055999999999998,0.06080717208632613,A $\rightarrow$ B
Cc1nc2ccc(Cl)cc2c(-n2ccc3c(O)cc(-c4cn[nH]c4)cc32)c1C,NC(=O)[C@H](Cc1ccccc1)NC(=O)[C@H](CS)NC(=O)c1cn[nH]c1,[*]c1[c;H1][n;H1][n;H0][c;H1]1,[16*]c1ccc(C(=O)O)cc1,NC(=O)[C@H](Cc1ccccc1)NC(=O)[C@H](CS)NC(=O)c1ccc(C(=O)O)cc1,0.9751000000000003,-0.02909982692257712,A $\rightarrow$ B
Cc1nc2ccc(Cl)cc2c(-n2ccc3c(O)cc(-c4cn[nH]c4)cc32)c1C,NC(=O)[C@H](Cc1ccccc1)NC(=O)[C@H](CS)NC(=O)c1cn[nH]c1,[*]c1[c;H1][n;H1][n;H0][c;H1]1,[16*]c1ccn2nccc2c1,NC(=O)[C@H](Cc1ccccc1)NC(=O)[C@H](CS)NC(=O)c1ccn2nccc2c1,0.9246000000000003,-0.0060381131039879965,A $\rightarrow$ B
Cc1nc2ccc(Cl)cc2c(-n2ccc3c(O)cc(-c4cn[nH]c4)cc32)c1C,NC(=O)[C@H](Cc1ccccc1)NC(=O)[C@H](CS)NC(=O)c1cn[nH]c1,[*]c1[c;H1][n;H1][n;H0][c;H1]1,[14*]c1ccc(OC)o1,COc1ccc(C(=O)N[C@@H](CS)C(=O)N[C@@H](Cc2ccccc2)C(N)=O)o1,0.8785000000000005,0.05291042258373957,A $\rightarrow$ B
Cc1nc2ccc(Cl)cc2c(-n2ccc3c(O)cc(-c4cn[nH]c4)cc32)c1C,NC(=O)[C@H](Cc1ccccc1)NC(=O)[C@H](CS)NC(=O)c1cn[nH]c1,[*]c1[c;H1][n;H1][n;H0][c;H1]1,[16*]c1ccccc1N=O,NC(=O)[C@H](Cc1ccccc1)NC(=O)[C@H](CS)NC(=O)c1ccccc1N=O,1.6748,-0.03803423628223851,A $\rightarrow$ B
Cc1nc2ccc(Cl)cc2c(-n2ccc3c(O)cc(-c4cn[nH]c4)cc32)c1C,NC(=O)[C@H](Cc1ccccc1)NC(=O)[C@H](CS)NC(=O)c1cn[nH]c1,[*]c1[c;H1][n;H1][n;H0][c;H1]1,[16*]c1ccc(C(=O)N(C)C)cc1,CN(C)C(=O)c1ccc(C(=O)N[C@@H](CS)C(=O)N[C@@H](Cc2ccccc2)C(N)=O)cc1,0.978700000000001,0.014169682635817415,A $\rightarrow$ B
Cc1nc2ccc(Cl)cc2c(-n2ccc3c(O)cc(-c4cn[nH]c4)cc32)c1C,NC(=O)[C@H](Cc1ccccc1)NC(=O)[C@H](CS)NC(=O)c1cn[nH]c1,[*]c1[c;H1][n;H1][n;H0][c;H1]1,[14*]c1cc(F)co1,NC(=O)[C@H](Cc1ccccc1)NC(=O)[C@H](CS)NC(=O)c1cc(F)co1,1.009,0.09306752926445838,A $\rightarrow$ B
Cc1nc2ccc(Cl)cc2c(-n2ccc3c(O)cc(-c4cn[nH]c4)cc32)c1C,NC(=O)[C@H](Cc1ccccc1)NC(=O)[C@H](CS)NC(=O)c1cn[nH]c1,[*]c1[c;H1][n;H1][n;H0][c;H1]1,[16*]c1ccc(CF)nc1,NC(=O)[C@H](Cc1ccccc1)NC(=O)[C@H](CS)NC(=O)c1ccc(CF)nc1,1.1414,0.051338913428437494,A $\rightarrow$ B
Cc1nc2ccc(Cl)cc2c(-n2ccc3c(O)cc(-c4cn[nH]c4)cc32)c1C,NC(=O)[C@H](Cc1ccccc1)NC(=O)[C@H](CS)NC(=O)c1cn[nH]c1,[*]c1[c;H1][n;H1][n;H0][c;H1]1,[14*]c1[nH]ccc1C,Cc1cc[nH]c1C(=O)N[C@@H](CS)C(=O)N[C@@H](Cc1ccccc1)C(N)=O,0.9134200000000003,0.023275732201409105,A $\rightarrow$ B
Cc1nc2ccc(Cl)cc2c(-n2ccc3c(O)cc(-c4cn[nH]c4)cc32)c1C,NC(=O)[C@H](Cc1ccccc1)NC(=O)[C@H](CS)NC(=O)c1cn[nH]c1,[*]c1[c;H1][n;H1][n;H0][c;H1]1,[14*]c1occc1F,NC(=O)[C@H](Cc1ccccc1)NC(=O)[C@H](CS)NC(=O)c1occc1F,1.0090000000000003,0.09306752926445838,A $\rightarrow$ B
Cc1nc2ccc(Cl)cc2c(-n2ccc3c(O)cc(-c4cn[nH]c4)cc32)c1C,NC(=O)[C@H](Cc1ccccc1)NC(=O)[C@H](CS)NC(=O)c1cn[nH]c1,[*]c1[c;H1][n;H1][n;H0][c;H1]1,[16*]c1ccc2c(c1)OCCO2,NC(=O)[C@H](Cc1ccccc1)NC(=O)[C@H](CS)NC(=O)c1ccc2c(c1)OCCO2,1.0481,0.04920377387999797,A $\rightarrow$ B
Cc1nc2ccc(Cl)cc2c(-n2ccc3c(O)cc(-c4cn[nH]c4)cc32)c1C,NC(=O)[C@H](Cc1ccccc1)NC(=O)[C@H](CS)NC(=O)c1cn[nH]c1,[*]c1[c;H1][n;H1][n;H0][c;H1]1,[14*]c1ccc(F)cn1,NC(=O)[C@H](Cc1ccccc1)NC(=O)[C@H](CS)NC(=O)c1ccc(F)cn1,0.8109999999999999,0.0789864917037213,A $\rightarrow$ B
Cc1nc2ccc(Cl)cc2c(-n2ccc3c(O)cc(-c4cn[nH]c4)cc32)c1C,NC(=O)[C@H](Cc1ccccc1)NC(=O)[C@H](CS)NC(=O)c1cn[nH]c1,[*]c1[c;H1][n;H1][n;H0][c;H1]1,[16*]c1cnccc1F,NC(=O)[C@H](Cc1ccccc1)NC(=O)[C@H](CS)NC(=O)c1cnccc1F,0.8110000000000002,0.0789864917037213,A $\rightarrow$ B
Cc1nc2ccc(Cl)cc2c(-n2ccc3c(O)cc(-c4cn[nH]c4)cc32)c1C,NC(=O)[C@H](Cc1ccccc1)NC(=O)[C@H](CS)NC(=O)c1cn[nH]c1,[*]c1[c;H1][n;H1][n;H0][c;H1]1,[16*]c1ccccc1C#N,N#Cc1ccccc1C(=O)N[C@@H](CS)C(=O)N[C@@H](Cc1ccccc1)C(N)=O,1.1485800000000002,0.08108271644263748,A $\rightarrow$ B
Cc1nc2ccc(Cl)cc2c(-n2ccc3c(O)cc(-c4cn[nH]c4)cc32)c1C,NC(=O)[C@H](Cc1ccccc1)NC(=O)[C@H](CS)NC(=O)c1cn[nH]c1,[*]c1[c;H1][n;H1][n;H0][c;H1]1,[16*]c1cnn(C(F)(F)F)c1,NC(=O)[C@H](Cc1ccccc1)NC(=O)[C@H](CS)NC(=O)c1cnn(C(F)(F)F)c1,0.9496999999999998,0.048179100412845066,A $\rightarrow$ B
Cc1nc2ccc(Cl)cc2c(-n2ccc3c(O)cc(-c4cn[nH]c4)cc32)c1C,NC(=O)[C@H](Cc1ccccc1)NC(=O)[C@H](CS)NC(=O)c1cn[nH]c1,[*]c1[c;H1][n;H1][n;H0][c;H1]1,[16*]c1ccc2nccn2c1,NC(=O)[C@H](Cc1ccccc1)NC(=O)[C@H](CS)NC(=O)c1ccc2nccn2c1,0.9245999999999999,-0.0060381131039879965,A $\rightarrow$ B
Cc1nc2ccc(Cl)cc2c(-n2ccc3c(O)cc(-c4cn[nH]c4)cc32)c1C,NC(=O)[C@H](Cc1ccccc1)NC(=O)[C@H](CS)NC(=O)c1cn[nH]c1,[*]c1[c;H1][n;H1][n;H0][c;H1]1,[16*]c1cc(F)nc(F)c1,NC(=O)[C@H](Cc1ccccc1)NC(=O)[C@H](CS)NC(=O)c1cc(F)nc(F)c1,0.9500999999999997,-0.03315760845288407,A $\rightarrow$ B
Cc1nc2ccc(Cl)cc2c(-n2ccc3c(O)cc(-c4cn[nH]c4)cc32)c1C,NC(=O)[C@H](Cc1ccccc1)NC(=O)[C@H](CS)NC(=O)c1cn[nH]c1,[*]c1[c;H1][n;H1][n;H0][c;H1]1,[14*]c1cnc(C)s1,Cc1ncc(C(=O)N[C@@H](CS)C(=O)N[C@@H](Cc2ccccc2)C(N)=O)s1,1.04182,0.08353980938608874,A $\rightarrow$ B
Cc1nc2ccc(Cl)cc2c(-n2ccc3c(O)cc(-c4cn[nH]c4)cc32)c1C,NC(=O)[C@H](Cc1ccccc1)NC(=O)[C@H](CS)NC(=O)c1cn[nH]c1,[*]c1[c;H1][n;H1][n;H0][c;H1]1,[16*]c1cccc(C(=O)O)c1,NC(=O)[C@H](Cc1ccccc1)NC(=O)[C@H](CS)NC(=O)c1cccc(C(=O)O)c1,0.9751000000000003,-0.02909982692257712,A $\rightarrow$ B
Cc1nc2ccc(Cl)cc2c(-n2ccc3c(O)cc(-c4cn[nH]c4)cc32)c1C,NC(=O)[C@H](Cc1ccccc1)NC(=O)[C@H](CS)NC(=O)c1cn[nH]c1,[*]c1[c;H1][n;H1][n;H0][c;H1]1,[16*]c1cnc(F)c(F)c1,NC(=O)[C@H](Cc1ccccc1)NC(=O)[C@H](CS)NC(=O)c1cnc(F)c(F)c1,0.9500999999999997,-0.03315760845288407,A $\rightarrow$ B
Cc1nc2ccc(Cl)cc2c(-n2ccc3c(O)cc(-c4cn[nH]c4)cc32)c1C,NC(=O)[C@H](Cc1ccccc1)NC(=O)[C@H](CS)NC(=O)c1cn[nH]c1,[*]c1[c;H1][n;H1][n;H0][c;H1]1,[16*]c1ccncc1F,NC(=O)[C@H](Cc1ccccc1)NC(=O)[C@H](CS)NC(=O)c1ccncc1F,0.8110000000000002,0.0789864917037213,A $\rightarrow$ B
Cc1nc2ccc(Cl)cc2c(-n2ccc3c(O)cc(-c4cn[nH]c4)cc32)c1C,NC(=O)[C@H](Cc1ccccc1)NC(=O)[C@H](CS)NC(=O)c1cn[nH]c1,[*]c1[c;H1][n;H1][n;H0][c;H1]1,[16*]c1cccn2nccc12,NC(=O)[C@H](Cc1ccccc1)NC(=O)[C@H](CS)NC(=O)c1cccn2nccc12,0.9246000000000005,-0.0060381131039879965,A $\rightarrow$ B
Cc1nc2ccc(Cl)cc2c(-n2ccc3c(O)cc(-c4cn[nH]c4)cc32)c1C,NC(=O)[C@H](Cc1ccccc1)NC(=O)[C@H](CS)NC(=O)c1cn[nH]c1,[*]c1[c;H1][n;H1][n;H0][c;H1]1,[16*]c1ccc(F)nc1F,NC(=O)[C@H](Cc1ccccc1)NC(=O)[C@H](CS)NC(=O)c1ccc(F)nc1F,0.9501,-0.03315760845288407,A $\rightarrow$ B
Cc1nc2ccc(Cl)cc2c(-n2ccc3c(O)cc(-c4cn[nH]c4)cc32)c1C,NC(=O)[C@H](Cc1ccccc1)NC(=O)[C@H](CS)NC(=O)c1cn[nH]c1,[*]c1[c;H1][n;H1][n;H0][c;H1]1,[16*]c1ccc2cncn2c1,NC(=O)[C@H](Cc1ccccc1)NC(=O)[C@H](CS)NC(=O)c1ccc2cncn2c1,0.9245999999999999,-0.0060381131039879965,A $\rightarrow$ B
Cc1nc2ccc(Cl)cc2c(-n2ccc3c(O)cc(-c4cn[nH]c4)cc32)c1C,NC(=O)[C@H](Cc1ccccc1)NC(=O)[C@H](CS)NC(=O)c1cn[nH]c1,[*]c1[c;H1][n;H1][n;H0][c;H1]1,[14*]c1cccc(F)n1,NC(=O)[C@H](Cc1ccccc1)NC(=O)[C@H](CS)NC(=O)c1cccc(F)n1,0.8110000000000002,-0.02419582339537274,A $\rightarrow$ B
Cc1nc2ccc(Cl)cc2c(-n2ccc3c(O)cc(-c4cn[nH]c4)cc32)c1C,NC(=O)[C@H](Cc1ccccc1)NC(=O)[C@H](CS)NC(=O)c1cn[nH]c1,[*]c1[c;H1][n;H1][n;H0][c;H1]1,[8*]CCCC,CCCCC(=O)N[C@@H](CS)C(=O)N[C@@H](Cc1ccccc1)C(N)=O,1.1532999999999995,0.057643576897472126,A $\rightarrow$ B
Cc1nc2ccc(Cl)cc2c(-n2ccc3c(O)cc(-c4cn[nH]c4)cc32)c1C,NC(=O)[C@H](Cc1ccccc1)NC(=O)[C@H](CS)NC(=O)c1cn[nH]c1,[*]c1[c;H1][n;H1][n;H0][c;H1]1,[16*]c1cnn2ccccc12,NC(=O)[C@H](Cc1ccccc1)NC(=O)[C@H](CS)NC(=O)c1cnn2ccccc12,0.9246000000000005,-0.0060381131039879965,A $\rightarrow$ B
Cc1nc2ccc(Cl)cc2c(-n2ccc3c(O)cc(-c4cn[nH]c4)cc32)c1C,NC(=O)[C@H](Cc1ccccc1)NC(=O)[C@H](CS)NC(=O)c1cn[nH]c1,[*]c1[c;H1][n;H1][n;H0][c;H1]1,[16*]c1ccccc1N,NC(=O)[C@H](Cc1ccccc1)NC(=O)[C@H](CS)NC(=O)c1ccccc1N,0.8591000000000002,-0.07698851972809445,A $\rightarrow$ B
Cc1nc2ccc(Cl)cc2c(-n2ccc3c(O)cc(-c4cn[nH]c4)cc32)c1C,NC(=O)[C@H](Cc1ccccc1)NC(=O)[C@H](CS)NC(=O)c1cn[nH]c1,[*]c1[c;H1][n;H1][n;H0][c;H1]1,[16*]c1ccccc1C(=O)OC,COC(=O)c1ccccc1C(=O)N[C@@H](CS)C(=O)N[C@@H](Cc1ccccc1)C(N)=O,1.0635000000000001,-0.0665634970558519,A $\rightarrow$ B
Cc1nc2ccc(Cl)cc2c(-n2ccc3c(O)cc(-c4cn[nH]c4)cc32)c1C,NC(=O)[C@H](Cc1ccccc1)NC(=O)[C@H](CS)NC(=O)c1cn[nH]c1,[*]c1[c;H1][n;H1][n;H0][c;H1]1,[16*]c1ccn2ccnc2c1,NC(=O)[C@H](Cc1ccccc1)NC(=O)[C@H](CS)NC(=O)c1ccn2ccnc2c1,0.9246000000000003,-0.0060381131039879965,A $\rightarrow$ B
Cc1nc2ccc(Cl)cc2c(-n2ccc3c(O)cc(-c4cn[nH]c4)cc32)c1C,NC(=O)[C@H](Cc1ccccc1)NC(=O)[C@H](CS)NC(=O)c1cn[nH]c1,[*]c1[c;H1][n;H1][n;H0][c;H1]1,[16*]c1ccnc(CF)c1,NC(=O)[C@H](Cc1ccccc1)NC(=O)[C@H](CS)NC(=O)c1ccnc(CF)c1,1.1414,0.051338913428437494,A $\rightarrow$ B
Cc1nc2ccc(Cl)cc2c(-n2ccc3c(O)cc(-c4cn[nH]c4)cc32)c1C,NC(=O)[C@H](Cc1ccccc1)NC(=O)[C@H](CS)NC(=O)c1cn[nH]c1,[*]c1[c;H1][n;H1][n;H0][c;H1]1,[16*]c1ccc(C=O)cc1,NC(=O)[C@H](Cc1ccccc1)NC(=O)[C@H](CS)NC(=O)c1ccc(C=O)cc1,1.0893999999999997,-0.044162015512547614,A $\rightarrow$ B
Cc1nc2ccc(Cl)cc2c(-n2ccc3c(O)cc(-c4cn[nH]c4)cc32)c1C,NC(=O)[C@H](Cc1ccccc1)NC(=O)[C@H](CS)NC(=O)c1cn[nH]c1,[*]c1[c;H1][n;H1][n;H0][c;H1]1,[16*]c1ccc(OCC)nc1,CCOc1ccc(C(=O)N[C@@H](CS)C(=O)N[C@@H](Cc2ccccc2)C(N)=O)cn1,1.0706000000000002,0.013656978610685211,A $\rightarrow$ B
Cc1nc2ccc(Cl)cc2c(-n2ccc3c(O)cc(-c4cn[nH]c4)cc32)c1C,NC(=O)[C@H](Cc1ccccc1)NC(=O)[C@H](CS)NC(=O)c1cn[nH]c1,[*]c1[c;H1][n;H1][n;H0][c;H1]1,[6*]C(=O)Oc1ccccc1,NC(=O)[C@H](Cc1ccccc1)NC(=O)[C@H](CS)NC(=O)C(=O)Oc1ccccc1,0.5687000000000006,-0.19922030591727521,A $\rightarrow$ B
Cc1nc2ccc(Cl)cc2c(-n2ccc3c(O)cc(-c4cn[nH]c4)cc32)c1C,NC(=O)[C@H](Cc1ccccc1)NC(=O)[C@H](CS)NC(=O)c1cn[nH]c1,[*]c1[c;H1][n;H1][n;H0][c;H1]1,[16*]c1ccn2cncc2c1,NC(=O)[C@H](Cc1ccccc1)NC(=O)[C@H](CS)NC(=O)c1ccn2cncc2c1,0.9246000000000003,-0.0060381131039879965,A $\rightarrow$ B
Cc1nc2ccc(Cl)cc2c(-n2ccc3c(O)cc(-c4cn[nH]c4)cc32)c1C,NC(=O)[C@H](Cc1ccccc1)NC(=O)[C@H](CS)NC(=O)c1cn[nH]c1,[*]c1[c;H1][n;H1][n;H0][c;H1]1,[16*]c1ccc(O)c(OC)c1,COc1cc(C(=O)N[C@@H](CS)C(=O)N[C@@H](Cc2ccccc2)C(N)=O)ccc1O,0.9911000000000001,-0.029125950632371056,A $\rightarrow$ B
Cc1nc2ccc(Cl)cc2c(-n2ccc3c(O)cc(-c4cn[nH]c4)cc32)c1C,NC(=O)[C@H](Cc1ccccc1)NC(=O)[C@H](CS)NC(=O)c1cn[nH]c1,[*]c1[c;H1][n;H1][n;H0][c;H1]1,[16*]c1csnc1C,Cc1nscc1C(=O)N[C@@H](CS)C(=O)N[C@@H](Cc1ccccc1)C(N)=O,1.04182,0.08353980938608874,A $\rightarrow$ B
Cc1nc2ccc(Cl)cc2c(-n2ccc3c(O)cc(-c4cn[nH]c4)cc32)c1C,NC(=O)[C@H](Cc1ccccc1)NC(=O)[C@H](CS)NC(=O)c1cn[nH]c1,[*]c1[c;H1][n;H1][n;H0][c;H1]1,[14*]c1cccn1CC,CCn1cccc1C(=O)N[C@@H](CS)C(=O)N[C@@H](Cc1ccccc1)C(N)=O,1.0983,0.06485945220948558,A $\rightarrow$ B
Cc1nc2ccc(Cl)cc2c(-n2ccc3c(O)cc(-c4cn[nH]c4)cc32)c1C,NC(=O)[C@H](Cc1ccccc1)NC(=O)[C@H](CS)NC(=O)c1cn[nH]c1,[*]c1[c;H1][n;H1][n;H0][c;H1]1,[14*]c1ncc(F)s1,NC(=O)[C@H](Cc1ccccc1)NC(=O)[C@H](CS)NC(=O)c1ncc(F)s1,0.8724999999999998,0.07578880662340504,A $\rightarrow$ B
Cc1nc2ccc(Cl)cc2c(-n2ccc3c(O)cc(-c4cn[nH]c4)cc32)c1C,NC(=O)[C@H](Cc1ccccc1)NC(=O)[C@H](CS)NC(=O)c1cn[nH]c1,[*]c1[c;H1][n;H1][n;H0][c;H1]1,[8*]C(C)Cl,CC(Cl)C(=O)N[C@@H](CS)C(=O)N[C@@H](Cc1ccccc1)C(N)=O,0.5903999999999998,-0.01572024554513418,A $\rightarrow$ B
Cc1nc2ccc(Cl)cc2c(-n2ccc3c(O)cc(-c4cn[nH]c4)cc32)c1C,NC(=O)[C@H](Cc1ccccc1)NC(=O)[C@H](CS)NC(=O)c1cn[nH]c1,[*]c1[c;H1][n;H1][n;H0][c;H1]1,[16*]c1ccc(OC)c(O)c1,COc1ccc(C(=O)N[C@@H](CS)C(=O)N[C@@H](Cc2ccccc2)C(N)=O)cc1O,0.9911000000000003,-0.029125950632371056,A $\rightarrow$ B
Cc1nc2ccc(Cl)cc2c(-n2ccc3c(O)cc(-c4cn[nH]c4)cc32)c1C,NC(=O)[C@H](Cc1ccccc1)NC(=O)[C@H](CS)NC(=O)c1cn[nH]c1,[*]c1[c;H1][n;H1][n;H0][c;H1]1,[14*]c1ncc(C)s1,Cc1cnc(C(=O)N[C@@H](CS)C(=O)N[C@@H](Cc2ccccc2)C(N)=O)s1,1.04182,0.08353980938608874,A $\rightarrow$ B
Cc1nc2ccc(Cl)cc2c(-n2ccc3c(O)cc(-c4cn[nH]c4)cc32)c1C,NC(=O)[C@H](Cc1ccccc1)NC(=O)[C@H](CS)NC(=O)c1cn[nH]c1,[*]c1[c;H1][n;H1][n;H0][c;H1]1,[16*]c1ccc(CO)cc1,NC(=O)[C@H](Cc1ccccc1)NC(=O)[C@H](CS)NC(=O)c1ccc(CO)cc1,0.7692000000000004,-0.020456011890517045,A $\rightarrow$ B
Cc1nc2ccc(Cl)cc2c(-n2ccc3c(O)cc(-c4cn[nH]c4)cc32)c1C,NC(=O)[C@H](Cc1ccccc1)NC(=O)[C@H](CS)NC(=O)c1cn[nH]c1,[*]c1[c;H1][n;H1][n;H0][c;H1]1,[14*]c1cc(C)ns1,Cc1cc(C(=O)N[C@@H](CS)C(=O)N[C@@H](Cc2ccccc2)C(N)=O)sn1,1.04182,0.08353980938608874,A $\rightarrow$ B
Cc1nc2ccc(Cl)cc2c(-n2ccc3c(O)cc(-c4cn[nH]c4)cc32)c1C,NC(=O)[C@H](Cc1ccccc1)NC(=O)[C@H](CS)NC(=O)c1cn[nH]c1,[*]c1[c;H1][n;H1][n;H0][c;H1]1,[16*]c1cccc(C(=O)N(C)C)c1,CN(C)C(=O)c1cccc(C(=O)N[C@@H](CS)C(=O)N[C@@H](Cc2ccccc2)C(N)=O)c1,0.978700000000001,0.014169682635817415,A $\rightarrow$ B
Cc1nc2ccc(Cl)cc2c(-n2ccc3c(O)cc(-c4cn[nH]c4)cc32)c1C,NC(=O)[C@H](Cc1ccccc1)NC(=O)[C@H](CS)NC(=O)c1cn[nH]c1,[*]c1[c;H1][n;H1][n;H0][c;H1]1,[14*]c1cc(Cl)no1,NC(=O)[C@H](Cc1ccccc1)NC(=O)[C@H](CS)NC(=O)c1cc(Cl)no1,0.9183000000000001,0.07343737515583898,A $\rightarrow$ B
Cc1nc2ccc(Cl)cc2c(-n2ccc3c(O)cc(-c4cn[nH]c4)cc32)c1C,NC(=O)[C@H](Cc1ccccc1)NC(=O)[C@H](CS)NC(=O)c1cn[nH]c1,[*]c1[c;H1][n;H1][n;H0][c;H1]1,[16*]c1cc(F)cnc1F,NC(=O)[C@H](Cc1ccccc1)NC(=O)[C@H](CS)NC(=O)c1cc(F)cnc1F,0.9501,-0.03315760845288407,A $\rightarrow$ B
Cc1nc2ccc(Cl)cc2c(-n2ccc3c(O)cc(-c4cn[nH]c4)cc32)c1C,NC(=O)[C@H](Cc1ccccc1)NC(=O)[C@H](CS)NC(=O)c1cn[nH]c1,[*]c1[c;H1][n;H1][n;H0][c;H1]1,[14*]c1cc2ccccn2n1,NC(=O)[C@H](Cc1ccccc1)NC(=O)[C@H](CS)NC(=O)c1cc2ccccn2n1,0.9245999999999996,-0.0060381131039879965,A $\rightarrow$ B
Cc1nc2ccc(Cl)cc2c(-n2ccc3c(O)cc(-c4cn[nH]c4)cc32)c1C,NC(=O)[C@H](Cc1ccccc1)NC(=O)[C@H](CS)NC(=O)c1cn[nH]c1,[*]c1[c;H1][n;H1][n;H0][c;H1]1,[16*]c1c(C)noc1C,Cc1noc(C)c1C(=O)N[C@@H](CS)C(=O)N[C@@H](Cc1ccccc1)C(N)=O,0.8817399999999997,0.07767399448046691,A $\rightarrow$ B
Cc1nc2ccc(Cl)cc2c(-n2ccc3c(O)cc(-c4cn[nH]c4)cc32)c1C,NC(=O)[C@H](Cc1ccccc1)NC(=O)[C@H](CS)NC(=O)c1cn[nH]c1,[*]c1[c;H1][n;H1][n;H0][c;H1]1,[14*]c1ccc(C)n1C,Cc1ccc(C(=O)N[C@@H](CS)C(=O)N[C@@H](Cc2ccccc2)C(N)=O)n1C,0.9238200000000003,0.08548345659749823,A $\rightarrow$ B
Cc1nc2ccc(Cl)cc2c(-n2ccc3c(O)cc(-c4cn[nH]c4)cc32)c1C,NC(=O)[C@H](Cc1ccccc1)NC(=O)[C@H](CS)NC(=O)c1cn[nH]c1,[*]c1[c;H1][n;H1][n;H0][c;H1]1,[16*]c1ccc(OC)nc1C,COc1ccc(C(=O)N[C@@H](CS)C(=O)N[C@@H](Cc2ccccc2)C(N)=O)c(C)n1,0.9889200000000002,0.03536388441999305,A $\rightarrow$ B
Cc1nc2ccc(Cl)cc2c(-n2ccc3c(O)cc(-c4cn[nH]c4)cc32)c1C,NC(=O)[C@H](Cc1ccccc1)NC(=O)[C@H](CS)NC(=O)c1cn[nH]c1,[*]c1[c;H1][n;H1][n;H0][c;H1]1,[16*]c1cccc(CO)c1,NC(=O)[C@H](Cc1ccccc1)NC(=O)[C@H](CS)NC(=O)c1cccc(CO)c1,0.7692,-0.020456011890517045,A $\rightarrow$ B
Cc1nc2ccc(Cl)cc2c(-n2ccc3c(O)cc(-c4cn[nH]c4)cc32)c1C,NC(=O)[C@H](Cc1ccccc1)NC(=O)[C@H](CS)NC(=O)c1cn[nH]c1,[*]c1[c;H1][n;H1][n;H0][c;H1]1,[8*]CC(C)C,CC(C)CC(=O)N[C@@H](CS)C(=O)N[C@@H](Cc1ccccc1)C(N)=O,1.0091999999999999,0.08017324979319868,A $\rightarrow$ B
Cc1nc2ccc(Cl)cc2c(-n2ccc3c(O)cc(-c4cn[nH]c4)cc32)c1C,NC(=O)[C@H](Cc1ccccc1)NC(=O)[C@H](CS)NC(=O)c1cn[nH]c1,[*]c1[c;H1][n;H1][n;H0][c;H1]1,[14*]c1cc(C)cn1C,Cc1cc(C(=O)N[C@@H](CS)C(=O)N[C@@H](Cc2ccccc2)C(N)=O)n(C)c1,0.9238200000000003,0.08548345659749823,A $\rightarrow$ B
Cc1nc2ccc(Cl)cc2c(-n2ccc3c(O)cc(-c4cn[nH]c4)cc32)c1C,NC(=O)[C@H](Cc1ccccc1)NC(=O)[C@H](CS)NC(=O)c1cn[nH]c1,[*]c1[c;H1][n;H1][n;H0][c;H1]1,[14*]c1cc(F)ccn1,NC(=O)[C@H](Cc1ccccc1)NC(=O)[C@H](CS)NC(=O)c1cc(F)ccn1,0.8109999999999997,0.0789864917037213,A $\rightarrow$ B
Cc1nc2ccc(Cl)cc2c(-n2ccc3c(O)cc(-c4cn[nH]c4)cc32)c1C,NC(=O)[C@H](Cc1ccccc1)NC(=O)[C@H](CS)NC(=O)c1cn[nH]c1,[*]c1[c;H1][n;H1][n;H0][c;H1]1,[16*]c1ccc(COC)nc1,COCc1ccc(C(=O)N[C@@H](CS)C(=O)N[C@@H](Cc2ccccc2)C(N)=O)cn1,0.8183,0.007887343111528222,A $\rightarrow$ B
Cc1nc2ccc(Cl)cc2c(-n2ccc3c(O)cc(-c4cn[nH]c4)cc32)c1C,NC(=O)[C@H](Cc1ccccc1)NC(=O)[C@H](CS)NC(=O)c1cn[nH]c1,[*]c1[c;H1][n;H1][n;H0][c;H1]1,[16*]c1ccnc(OCC)c1,CCOc1cc(C(=O)N[C@@H](CS)C(=O)N[C@@H](Cc2ccccc2)C(N)=O)ccn1,1.0705999999999998,0.013656978610685211,A $\rightarrow$ B
Cc1nc2ccc(Cl)cc2c(-n2ccc3c(O)cc(-c4cn[nH]c4)cc32)c1C,NC(=O)[C@H](Cc1ccccc1)NC(=O)[C@H](CS)NC(=O)c1cn[nH]c1,[*]c1[c;H1][n;H1][n;H0][c;H1]1,[3*]OC(C)(C)C,CC(C)(C)OC(=O)N[C@@H](CS)C(=O)N[C@@H](Cc1ccccc1)C(N)=O,1.3715999999999997,0.12787332136355134,A $\rightarrow$ B
Cc1nc2ccc(Cl)cc2c(-n2ccc3c(O)cc(-c4cn[nH]c4)cc32)c1C,NC(=O)[C@H](Cc1ccccc1)NC(=O)[C@H](CS)NC(=O)c1cn[nH]c1,[*]c1[c;H1][n;H1][n;H0][c;H1]1,[16*]c1cc(C)nc(OC)c1,COc1cc(C(=O)N[C@@H](CS)C(=O)N[C@@H](Cc2ccccc2)C(N)=O)cc(C)n1,0.9889200000000002,0.03536388441999305,A $\rightarrow$ B
Cc1nc2ccc(Cl)cc2c(-n2ccc3c(O)cc(-c4cn[nH]c4)cc32)c1C,NC(=O)[C@H](Cc1ccccc1)NC(=O)[C@H](CS)NC(=O)c1cn[nH]c1,[*]c1[c;H1][n;H1][n;H0][c;H1]1,[16*]c1ccccc1C(=O)O,NC(=O)[C@H](Cc1ccccc1)NC(=O)[C@H](CS)NC(=O)c1ccccc1C(=O)O,0.9751000000000003,-0.02909982692257712,A $\rightarrow$ B
Cc1nc2ccc(Cl)cc2c(-n2ccc3c(O)cc(-c4cn[nH]c4)cc32)c1C,NC(=O)[C@H](Cc1ccccc1)NC(=O)[C@H](CS)NC(=O)c1cn[nH]c1,[*]c1[c;H1][n;H1][n;H0][c;H1]1,[16*]c1coc(C)c1,Cc1cc(C(=O)N[C@@H](CS)C(=O)N[C@@H](Cc2ccccc2)C(N)=O)co1,1.1783200000000003,0.10020741188531102,A $\rightarrow$ B
Cc1nc2ccc(Cl)cc2c(-n2ccc3c(O)cc(-c4cn[nH]c4)cc32)c1C,NC(=O)[C@H](Cc1ccccc1)NC(=O)[C@H](CS)NC(=O)c1cn[nH]c1,[*]c1[c;H1][n;H1][n;H0][c;H1]1,[16*]c1ccc(C(C)=O)nc1,CC(=O)c1ccc(C(=O)N[C@@H](CS)C(=O)N[C@@H](Cc2ccccc2)C(N)=O)cn1,0.8745000000000003,-0.06045868773058233,A $\rightarrow$ B
Cc1nc2ccc(Cl)cc2c(-n2ccc3c(O)cc(-c4cn[nH]c4)cc32)c1C,NC(=O)[C@H](Cc1ccccc1)NC(=O)[C@H](CS)NC(=O)c1cn[nH]c1,[*]c1[c;H1][n;H1][n;H0][c;H1]1,[14*]c1cccc2ccnn12,NC(=O)[C@H](Cc1ccccc1)NC(=O)[C@H](CS)NC(=O)c1cccc2ccnn12,0.9245999999999996,-0.0060381131039879965,A $\rightarrow$ B
Cc1nc2ccc(Cl)cc2c(-n2ccc3c(O)cc(-c4cn[nH]c4)cc32)c1C,NC(=O)[C@H](Cc1ccccc1)NC(=O)[C@H](CS)NC(=O)c1cn[nH]c1,[*]c1[c;H1][n;H1][n;H0][c;H1]1,[8*]CC1CCC1,NC(=O)[C@H](Cc1ccccc1)NC(=O)[C@H](CS)NC(=O)CC1CCC1,1.1532999999999995,0.07681632046752296,A $\rightarrow$ B
Cc1nc2ccc(Cl)cc2c(-n2ccc3c(O)cc(-c4cn[nH]c4)cc32)c1C,NC(=O)[C@H](Cc1ccccc1)NC(=O)[C@H](CS)NC(=O)c1cn[nH]c1,[*]c1[c;H1][n;H1][n;H0][c;H1]1,[16*]c1ccc(O)cc1,Cc1nc2ccc(Cl)cc2c(-n2ccc3c(O)cc(-c4ccc(O)cc4)cc32)c1C,0.9825000000000017,-0.07155138043470144,A $\rightarrow$ A
Cc1nc2ccc(Cl)cc2c(-n2ccc3c(O)cc(-c4cn[nH]c4)cc32)c1C,NC(=O)[C@H](Cc1ccccc1)NC(=O)[C@H](CS)NC(=O)c1cn[nH]c1,[*]c1[c;H1][n;H1][n;H0][c;H1]1,[16*]c1ccc(C)nc1,Cc1ccc(-c2cc(O)c3ccn(-c4c(C)c(C)nc5ccc(Cl)cc45)c3c2)cn1,0.9803199999999999,-0.05877595919207623,A $\rightarrow$ A
Cc1nc2ccc(Cl)cc2c(-n2ccc3c(O)cc(-c4cn[nH]c4)cc32)c1C,NC(=O)[C@H](Cc1ccccc1)NC(=O)[C@H](CS)NC(=O)c1cn[nH]c1,[*]c1[c;H1][n;H1][n;H0][c;H1]1,[16*]c1ccoc1,Cc1nc2ccc(Cl)cc2c(-n2ccc3c(O)cc(-c4ccoc4)cc32)c1C,0.8699000000000003,-0.037047467815097324,A $\rightarrow$ A
Cc1nc2ccc(Cl)cc2c(-n2ccc3c(O)cc(-c4cn[nH]c4)cc32)c1C,NC(=O)[C@H](Cc1ccccc1)NC(=O)[C@H](CS)NC(=O)c1cn[nH]c1,[*]c1[c;H1][n;H1][n;H0][c;H1]1,[16*]c1cccc(O)c1,Cc1nc2ccc(Cl)cc2c(-n2ccc3c(O)cc(-c4cccc(O)c4)cc32)c1C,0.9825000000000017,-0.07155138043470144,A $\rightarrow$ A
Cc1nc2ccc(Cl)cc2c(-n2ccc3c(O)cc(-c4cn[nH]c4)cc32)c1C,NC(=O)[C@H](Cc1ccccc1)NC(=O)[C@H](CS)NC(=O)c1cn[nH]c1,[*]c1[c;H1][n;H1][n;H0][c;H1]1,[16*]c1ccnc(C)c1,Cc1cc(-c2cc(O)c3ccn(-c4c(C)c(C)nc5ccc(Cl)cc45)c3c2)ccn1,0.9803199999999999,-0.05877595919207623,A $\rightarrow$ A
Cc1nc2ccc(Cl)cc2c(-n2ccc3c(O)cc(-c4cn[nH]c4)cc32)c1C,NC(=O)[C@H](Cc1ccccc1)NC(=O)[C@H](CS)NC(=O)c1cn[nH]c1,[*]c1[c;H1][n;H1][n;H0][c;H1]1,[16*]c1cncc(C)c1,Cc1cncc(-c2cc(O)c3ccn(-c4c(C)c(C)nc5ccc(Cl)cc45)c3c2)c1,0.9803200000000007,-0.05877595919207623,A $\rightarrow$ A
Cc1nc2ccc(Cl)cc2c(-n2ccc3c(O)cc(-c4cn[nH]c4)cc32)c1C,NC(=O)[C@H](Cc1ccccc1)NC(=O)[C@H](CS)NC(=O)c1cn[nH]c1,[*]c1[c;H1][n;H1][n;H0][c;H1]1,[16*]c1cccnc1C,Cc1ncccc1-c1cc(O)c2ccn(-c3c(C)c(C)nc4ccc(Cl)cc34)c2c1,0.9803199999999999,-0.05877595919207623,A $\rightarrow$ A
Cc1nc2ccc(Cl)cc2c(-n2ccc3c(O)cc(-c4cn[nH]c4)cc32)c1C,NC(=O)[C@H](Cc1ccccc1)NC(=O)[C@H](CS)NC(=O)c1cn[nH]c1,[*]c1[c;H1][n;H1][n;H0][c;H1]1,[16*]c1ccc(C#N)cc1,Cc1nc2ccc(Cl)cc2c(-n2ccc3c(O)cc(-c4ccc(C#N)cc4)cc32)c1C,1.1485800000000008,-0.07303504210411571,A $\rightarrow$ A
Cc1nc2ccc(Cl)cc2c(-n2ccc3c(O)cc(-c4cn[nH]c4)cc32)c1C,NC(=O)[C@H](Cc1ccccc1)NC(=O)[C@H](CS)NC(=O)c1cn[nH]c1,[*]c1[c;H1][n;H1][n;H0][c;H1]1,[16*]c1ccccc1O,Cc1nc2ccc(Cl)cc2c(-n2ccc3c(O)cc(-c4ccccc4O)cc32)c1C,0.9825000000000017,-0.07155138043470144,A $\rightarrow$ A
Cc1nc2ccc(Cl)cc2c(-n2ccc3c(O)cc(-c4cn[nH]c4)cc32)c1C,NC(=O)[C@H](Cc1ccccc1)NC(=O)[C@H](CS)NC(=O)c1cn[nH]c1,[*]c1[c;H1][n;H1][n;H0][c;H1]1,[14*]c1cccc(C)n1,Cc1cccc(-c2cc(O)c3ccn(-c4c(C)c(C)nc5ccc(Cl)cc45)c3c2)n1,0.9803199999999999,-0.05877595919207623,A $\rightarrow$ A
Cc1nc2ccc(Cl)cc2c(-n2ccc3c(O)cc(-c4cn[nH]c4)cc32)c1C,NC(=O)[C@H](Cc1ccccc1)NC(=O)[C@H](CS)NC(=O)c1cn[nH]c1,[*]c1[c;H1][n;H1][n;H0][c;H1]1,[16*]c1cccc(C#N)c1,Cc1nc2ccc(Cl)cc2c(-n2ccc3c(O)cc(-c4cccc(C#N)c4)cc32)c1C,1.1485800000000008,-0.07303504210411571,A $\rightarrow$ A
Cc1nc2ccc(Cl)cc2c(-n2ccc3c(O)cc(-c4cn[nH]c4)cc32)c1C,NC(=O)[C@H](Cc1ccccc1)NC(=O)[C@H](CS)NC(=O)c1cn[nH]c1,[*]c1[c;H1][n;H1][n;H0][c;H1]1,[16*]c1ccc(C(=O)OC)cc1,COC(=O)c1ccc(-c2cc(O)c3ccn(-c4c(C)c(C)nc5ccc(Cl)cc45)c3c2)cc1,1.0635000000000012,-0.10646056632060824,A $\rightarrow$ A
Cc1nc2ccc(Cl)cc2c(-n2ccc3c(O)cc(-c4cn[nH]c4)cc32)c1C,NC(=O)[C@H](Cc1ccccc1)NC(=O)[C@H](CS)NC(=O)c1cn[nH]c1,[*]c1[c;H1][n;H1][n;H0][c;H1]1,[8*]C(C)(C)C,Cc1nc2ccc(Cl)cc2c(-n2ccc3c(O)cc(C(C)(C)C)cc32)c1C,0.9074000000000018,-0.003798993752691049,A $\rightarrow$ A
Cc1nc2ccc(Cl)cc2c(-n2ccc3c(O)cc(-c4cn[nH]c4)cc32)c1C,NC(=O)[C@H](Cc1ccccc1)NC(=O)[C@H](CS)NC(=O)c1cn[nH]c1,[*]c1[c;H1][n;H1][n;H0][c;H1]1,[14*]c1ccco1,Cc1nc2ccc(Cl)cc2c(-n2ccc3c(O)cc(-c4ccco4)cc32)c1C,0.8699000000000003,-0.037047467815097324,A $\rightarrow$ A
Cc1nc2ccc(Cl)cc2c(-n2ccc3c(O)cc(-c4cn[nH]c4)cc32)c1C,NC(=O)[C@H](Cc1ccccc1)NC(=O)[C@H](CS)NC(=O)c1cn[nH]c1,[*]c1[c;H1][n;H1][n;H0][c;H1]1,[16*]c1ccc(F)nc1,Cc1nc2ccc(Cl)cc2c(-n2ccc3c(O)cc(-c4ccc(F)nc4)cc32)c1C,0.8110000000000008,-0.07657882022653445,A $\rightarrow$ A
Cc1nc2ccc(Cl)cc2c(-n2ccc3c(O)cc(-c4cn[nH]c4)cc32)c1C,NC(=O)[C@H](Cc1ccccc1)NC(=O)[C@H](CS)NC(=O)c1cn[nH]c1,[*]c1[c;H1][n;H1][n;H0][c;H1]1,[16*]c1c[nH]c(C)c1,Cc1cc(-c2cc(O)c3ccn(-c4c(C)c(C)nc5ccc(Cl)cc45)c3c2)c[nH]1,0.9134199999999995,-0.06021367250479914,A $\rightarrow$ A
Cc1nc2ccc(Cl)cc2c(-n2ccc3c(O)cc(-c4cn[nH]c4)cc32)c1C,NC(=O)[C@H](Cc1ccccc1)NC(=O)[C@H](CS)NC(=O)c1cn[nH]c1,[*]c1[c;H1][n;H1][n;H0][c;H1]1,[16*]c1ccncc1C,Cc1cnccc1-c1cc(O)c2ccn(-c3c(C)c(C)nc4ccc(Cl)cc34)c2c1,0.9803199999999999,-0.05877595919207623,A $\rightarrow$ A
Cc1nc2ccc(Cl)cc2c(-n2ccc3c(O)cc(-c4cn[nH]c4)cc32)c1C,NC(=O)[C@H](Cc1ccccc1)NC(=O)[C@H](CS)NC(=O)c1cn[nH]c1,[*]c1[c;H1][n;H1][n;H0][c;H1]1,[16*]c1cnccc1C,Cc1ccncc1-c1cc(O)c2ccn(-c3c(C)c(C)nc4ccc(Cl)cc34)c2c1,0.9803199999999999,-0.05877595919207623,A $\rightarrow$ A
Cc1nc2ccc(Cl)cc2c(-n2ccc3c(O)cc(-c4cn[nH]c4)cc32)c1C,NC(=O)[C@H](Cc1ccccc1)NC(=O)[C@H](CS)NC(=O)c1cn[nH]c1,[*]c1[c;H1][n;H1][n;H0][c;H1]1,[14*]c1ccc(C)cn1,Cc1ccc(-c2cc(O)c3ccn(-c4c(C)c(C)nc5ccc(Cl)cc45)c3c2)nc1,0.9803199999999999,-0.05877595919207623,A $\rightarrow$ A
Cc1nc2ccc(Cl)cc2c(-n2ccc3c(O)cc(-c4cn[nH]c4)cc32)c1C,NC(=O)[C@H](Cc1ccccc1)NC(=O)[C@H](CS)NC(=O)c1cn[nH]c1,[*]c1[c;H1][n;H1][n;H0][c;H1]1,[16*]c1ccc(N)cc1,Cc1nc2ccc(Cl)cc2c(-n2ccc3c(O)cc(-c4ccc(N)cc4)cc32)c1C,0.8591000000000006,-0.08787329357145851,A $\rightarrow$ A
Cc1nc2ccc(Cl)cc2c(-n2ccc3c(O)cc(-c4cn[nH]c4)cc32)c1C,NC(=O)[C@H](Cc1ccccc1)NC(=O)[C@H](CS)NC(=O)c1cn[nH]c1,[*]c1[c;H1][n;H1][n;H0][c;H1]1,[8*]C(F)(F)Cl,Cc1nc2ccc(Cl)cc2c(-n2ccc3c(O)cc(C(F)(F)Cl)cc32)c1C,0.8979999999999997,-0.02822489594163624,A $\rightarrow$ A
Cc1nc2ccc(Cl)cc2c(-n2ccc3c(O)cc(-c4cn[nH]c4)cc32)c1C,NC(=O)[C@H](Cc1ccccc1)NC(=O)[C@H](CS)NC(=O)c1cn[nH]c1,[*]c1[c;H1][n;H1][n;H0][c;H1]1,[16*]c1ccc(N=O)cc1,Cc1nc2ccc(Cl)cc2c(-n2ccc3c(O)cc(-c4ccc(N=O)cc4)cc32)c1C,1.6748000000000012,-0.10775411276848634,A $\rightarrow$ A
Cc1nc2ccc(Cl)cc2c(-n2ccc3c(O)cc(-c4cn[nH]c4)cc32)c1C,NC(=O)[C@H](Cc1ccccc1)NC(=O)[C@H](CS)NC(=O)c1cn[nH]c1,[*]c1[c;H1][n;H1][n;H0][c;H1]1,[16*]c1cncc(F)c1,Cc1nc2ccc(Cl)cc2c(-n2ccc3c(O)cc(-c4cncc(F)c4)cc32)c1C,0.8109999999999999,-0.05311813923059966,A $\rightarrow$ A
Cc1nc2ccc(Cl)cc2c(-n2ccc3c(O)cc(-c4cn[nH]c4)cc32)c1C,NC(=O)[C@H](Cc1ccccc1)NC(=O)[C@H](CS)NC(=O)c1cn[nH]c1,[*]c1[c;H1][n;H1][n;H0][c;H1]1,[14*]c1ccc(C)[nH]1,Cc1ccc(-c2cc(O)c3ccn(-c4c(C)c(C)nc5ccc(Cl)cc45)c3c2)[nH]1,0.9134199999999995,-0.06021367250479914,A $\rightarrow$ A
Cc1nc2ccc(Cl)cc2c(-n2ccc3c(O)cc(-c4cn[nH]c4)cc32)c1C,NC(=O)[C@H](Cc1ccccc1)NC(=O)[C@H](CS)NC(=O)c1cn[nH]c1,[*]c1[c;H1][n;H1][n;H0][c;H1]1,[14*]c1ccc(F)o1,Cc1nc2ccc(Cl)cc2c(-n2ccc3c(O)cc(-c4ccc(F)o4)cc32)c1C,1.0090000000000003,-0.055454730872129654,A $\rightarrow$ A
Cc1nc2ccc(Cl)cc2c(-n2ccc3c(O)cc(-c4cn[nH]c4)cc32)c1C,NC(=O)[C@H](Cc1ccccc1)NC(=O)[C@H](CS)NC(=O)c1cn[nH]c1,[*]c1[c;H1][n;H1][n;H0][c;H1]1,[16*]c1cccc(N)c1,Cc1nc2ccc(Cl)cc2c(-n2ccc3c(O)cc(-c4cccc(N)c4)cc32)c1C,0.8591000000000006,-0.08787329357145851,A $\rightarrow$ A
Cc1nc2ccc(Cl)cc2c(-n2ccc3c(O)cc(-c4cn[nH]c4)cc32)c1C,NC(=O)[C@H](Cc1ccccc1)NC(=O)[C@H](CS)NC(=O)c1cn[nH]c1,[*]c1[c;H1][n;H1][n;H0][c;H1]1,[16*]c1ccn(CC)c1,CCn1ccc(-c2cc(O)c3ccn(-c4c(C)c(C)nc5ccc(Cl)cc45)c3c2)c1,1.098300000000001,-0.05817693079939873,A $\rightarrow$ A
Cc1nc2ccc(Cl)cc2c(-n2ccc3c(O)cc(-c4cn[nH]c4)cc32)c1C,NC(=O)[C@H](Cc1ccccc1)NC(=O)[C@H](CS)NC(=O)c1cn[nH]c1,[*]c1[c;H1][n;H1][n;H0][c;H1]1,[14*]c1cc(C)ccn1,Cc1ccnc(-c2cc(O)c3ccn(-c4c(C)c(C)nc5ccc(Cl)cc45)c3c2)c1,0.9803200000000007,-0.05877595919207623,A $\rightarrow$ A
Cc1nc2ccc(Cl)cc2c(-n2ccc3c(O)cc(-c4cn[nH]c4)cc32)c1C,NC(=O)[C@H](Cc1ccccc1)NC(=O)[C@H](CS)NC(=O)c1cn[nH]c1,[*]c1[c;H1][n;H1][n;H0][c;H1]1,[16*]c1ccnc(F)c1,Cc1nc2ccc(Cl)cc2c(-n2ccc3c(O)cc(-c4ccnc(F)c4)cc32)c1C,0.8109999999999999,-0.07657882022653445,A $\rightarrow$ A
Cc1nc2ccc(Cl)cc2c(-n2ccc3c(O)cc(-c4cn[nH]c4)cc32)c1C,NC(=O)[C@H](Cc1ccccc1)NC(=O)[C@H](CS)NC(=O)c1cn[nH]c1,[*]c1[c;H1][n;H1][n;H0][c;H1]1,[16*]c1ccc(ON(C)C)cc1,Cc1nc2ccc(Cl)cc2c(-n2ccc3c(O)cc(-c4ccc(ON(C)C)cc4)cc32)c1C,1.1323000000000025,-0.11084291409309982,A $\rightarrow$ A
Cc1nc2ccc(Cl)cc2c(-n2ccc3c(O)cc(-c4cn[nH]c4)cc32)c1C,NC(=O)[C@H](Cc1ccccc1)NC(=O)[C@H](CS)NC(=O)c1cn[nH]c1,[*]c1[c;H1][n;H1][n;H0][c;H1]1,[16*]c1cccc(C(=O)OC)c1,COC(=O)c1cccc(-c2cc(O)c3ccn(-c4c(C)c(C)nc5ccc(Cl)cc45)c3c2)c1,1.0635000000000012,-0.10646056632060824,A $\rightarrow$ A
Cc1nc2ccc(Cl)cc2c(-n2ccc3c(O)cc(-c4cn[nH]c4)cc32)c1C,NC(=O)[C@H](Cc1ccccc1)NC(=O)[C@H](CS)NC(=O)c1cn[nH]c1,[*]c1[c;H1][n;H1][n;H0][c;H1]1,[14*]c1ncccc1C,Cc1cccnc1-c1cc(O)c2ccn(-c3c(C)c(C)nc4ccc(Cl)cc34)c2c1,0.9803199999999999,-0.05877595919207623,A $\rightarrow$ A
Cc1nc2ccc(Cl)cc2c(-n2ccc3c(O)cc(-c4cn[nH]c4)cc32)c1C,NC(=O)[C@H](Cc1ccccc1)NC(=O)[C@H](CS)NC(=O)c1cn[nH]c1,[*]c1[c;H1][n;H1][n;H0][c;H1]1,[16*]c1cccc(N=O)c1,Cc1nc2ccc(Cl)cc2c(-n2ccc3c(O)cc(-c4cccc(N=O)c4)cc32)c1C,1.6748000000000012,-0.10775411276848634,A $\rightarrow$ A
Cc1nc2ccc(Cl)cc2c(-n2ccc3c(O)cc(-c4cn[nH]c4)cc32)c1C,NC(=O)[C@H](Cc1ccccc1)NC(=O)[C@H](CS)NC(=O)c1cn[nH]c1,[*]c1[c;H1][n;H1][n;H0][c;H1]1,[16*]c1ccc2ccnn2c1,Cc1nc2ccc(Cl)cc2c(-n2ccc3c(O)cc(-c4ccc5ccnn5c4)cc32)c1C,0.9246000000000008,-0.07981326642730802,A $\rightarrow$ A
Cc1nc2ccc(Cl)cc2c(-n2ccc3c(O)cc(-c4cn[nH]c4)cc32)c1C,NC(=O)[C@H](Cc1ccccc1)NC(=O)[C@H](CS)NC(=O)c1cn[nH]c1,[*]c1[c;H1][n;H1][n;H0][c;H1]1,[16*]c1cccnc1F,Cc1nc2ccc(Cl)cc2c(-n2ccc3c(O)cc(-c4cccnc4F)cc32)c1C,0.8109999999999999,-0.07657882022653445,A $\rightarrow$ A
Cc1nc2ccc(Cl)cc2c(-n2ccc3c(O)cc(-c4cn[nH]c4)cc32)c1C,NC(=O)[C@H](Cc1ccccc1)NC(=O)[C@H](CS)NC(=O)c1cn[nH]c1,[*]c1[c;H1][n;H1][n;H0][c;H1]1,[14*]c1cc(C)c[nH]1,Cc1c[nH]c(-c2cc(O)c3ccn(-c4c(C)c(C)nc5ccc(Cl)cc45)c3c2)c1,0.9134200000000003,-0.06021367250479914,A $\rightarrow$ A
Cc1nc2ccc(Cl)cc2c(-n2ccc3c(O)cc(-c4cn[nH]c4)cc32)c1C,NC(=O)[C@H](Cc1ccccc1)NC(=O)[C@H](CS)NC(=O)c1cn[nH]c1,[*]c1[c;H1][n;H1][n;H0][c;H1]1,[16*]c1ccc2c(c1)OCO2,Cc1nc2ccc(Cl)cc2c(-n2ccc3c(O)cc(-c4ccc5c(c4)OCO5)cc32)c1C,1.0056000000000012,-0.08011743503251256,A $\rightarrow$ A
Cc1nc2ccc(Cl)cc2c(-n2ccc3c(O)cc(-c4cn[nH]c4)cc32)c1C,NC(=O)[C@H](Cc1ccccc1)NC(=O)[C@H](CS)NC(=O)c1cn[nH]c1,[*]c1[c;H1][n;H1][n;H0][c;H1]1,[16*]c1ccc(C(=O)O)cc1,Cc1nc2ccc(Cl)cc2c(-n2ccc3c(O)cc(-c4ccc(C(=O)O)cc4)cc32)c1C,0.9751000000000012,-0.08337965282998122,A $\rightarrow$ A
Cc1nc2ccc(Cl)cc2c(-n2ccc3c(O)cc(-c4cn[nH]c4)cc32)c1C,NC(=O)[C@H](Cc1ccccc1)NC(=O)[C@H](CS)NC(=O)c1cn[nH]c1,[*]c1[c;H1][n;H1][n;H0][c;H1]1,[16*]c1ccn2nccc2c1,Cc1nc2ccc(Cl)cc2c(-n2ccc3c(O)cc(-c4ccn5nccc5c4)cc32)c1C,0.9246000000000008,-0.07981326642730802,A $\rightarrow$ A
Cc1nc2ccc(Cl)cc2c(-n2ccc3c(O)cc(-c4cn[nH]c4)cc32)c1C,NC(=O)[C@H](Cc1ccccc1)NC(=O)[C@H](CS)NC(=O)c1cn[nH]c1,[*]c1[c;H1][n;H1][n;H0][c;H1]1,[14*]c1ccc(OC)o1,COc1ccc(-c2cc(O)c3ccn(-c4c(C)c(C)nc5ccc(Cl)cc45)c3c2)o1,0.8785000000000007,-0.049841768139995746,A $\rightarrow$ A
Cc1nc2ccc(Cl)cc2c(-n2ccc3c(O)cc(-c4cn[nH]c4)cc32)c1C,NC(=O)[C@H](Cc1ccccc1)NC(=O)[C@H](CS)NC(=O)c1cn[nH]c1,[*]c1[c;H1][n;H1][n;H0][c;H1]1,[16*]c1ccccc1N=O,Cc1nc2ccc(Cl)cc2c(-n2ccc3c(O)cc(-c4ccccc4N=O)cc32)c1C,1.6748000000000012,-0.10775411276848634,A $\rightarrow$ A
Cc1nc2ccc(Cl)cc2c(-n2ccc3c(O)cc(-c4cn[nH]c4)cc32)c1C,NC(=O)[C@H](Cc1ccccc1)NC(=O)[C@H](CS)NC(=O)c1cn[nH]c1,[*]c1[c;H1][n;H1][n;H0][c;H1]1,[16*]c1ccc(C(=O)N(C)C)cc1,Cc1nc2ccc(Cl)cc2c(-n2ccc3c(O)cc(-c4ccc(C(=O)N(C)C)cc4)cc32)c1C,0.9787000000000026,-0.08980772071081622,A $\rightarrow$ A
Cc1nc2ccc(Cl)cc2c(-n2ccc3c(O)cc(-c4cn[nH]c4)cc32)c1C,NC(=O)[C@H](Cc1ccccc1)NC(=O)[C@H](CS)NC(=O)c1cn[nH]c1,[*]c1[c;H1][n;H1][n;H0][c;H1]1,[14*]c1cc(F)co1,Cc1nc2ccc(Cl)cc2c(-n2ccc3c(O)cc(-c4cc(F)co4)cc32)c1C,1.0089999999999995,-0.05545473087212954,A $\rightarrow$ A
Cc1nc2ccc(Cl)cc2c(-n2ccc3c(O)cc(-c4cn[nH]c4)cc32)c1C,NC(=O)[C@H](Cc1ccccc1)NC(=O)[C@H](CS)NC(=O)c1cn[nH]c1,[*]c1[c;H1][n;H1][n;H0][c;H1]1,[16*]c1ccc(CF)nc1,Cc1nc2ccc(Cl)cc2c(-n2ccc3c(O)cc(-c4ccc(CF)nc4)cc32)c1C,1.1414000000000009,-0.07053756733185196,A $\rightarrow$ A
Cc1nc2ccc(Cl)cc2c(-n2ccc3c(O)cc(-c4cn[nH]c4)cc32)c1C,NC(=O)[C@H](Cc1ccccc1)NC(=O)[C@H](CS)NC(=O)c1cn[nH]c1,[*]c1[c;H1][n;H1][n;H0][c;H1]1,[14*]c1[nH]ccc1C,Cc1cc[nH]c1-c1cc(O)c2ccn(-c3c(C)c(C)nc4ccc(Cl)cc34)c2c1,0.9134200000000003,-0.06021367250479914,A $\rightarrow$ A
Cc1nc2ccc(Cl)cc2c(-n2ccc3c(O)cc(-c4cn[nH]c4)cc32)c1C,NC(=O)[C@H](Cc1ccccc1)NC(=O)[C@H](CS)NC(=O)c1cn[nH]c1,[*]c1[c;H1][n;H1][n;H0][c;H1]1,[14*]c1occc1F,Cc1nc2ccc(Cl)cc2c(-n2ccc3c(O)cc(-c4occc4F)cc32)c1C,1.0090000000000003,-0.055454730872129654,A $\rightarrow$ A
Cc1nc2ccc(Cl)cc2c(-n2ccc3c(O)cc(-c4cn[nH]c4)cc32)c1C,NC(=O)[C@H](Cc1ccccc1)NC(=O)[C@H](CS)NC(=O)c1cn[nH]c1,[*]c1[c;H1][n;H1][n;H0][c;H1]1,[16*]c1ccc2c(c1)OCCO2,Cc1nc2ccc(Cl)cc2c(-n2ccc3c(O)cc(-c4ccc5c(c4)OCCO5)cc32)c1C,1.0481000000000016,-0.09145226473495333,A $\rightarrow$ A
Cc1nc2ccc(Cl)cc2c(-n2ccc3c(O)cc(-c4cn[nH]c4)cc32)c1C,NC(=O)[C@H](Cc1ccccc1)NC(=O)[C@H](CS)NC(=O)c1cn[nH]c1,[*]c1[c;H1][n;H1][n;H0][c;H1]1,[14*]c1ccc(F)cn1,Cc1nc2ccc(Cl)cc2c(-n2ccc3c(O)cc(-c4ccc(F)cn4)cc32)c1C,0.8110000000000008,-0.05311813923059966,A $\rightarrow$ A
Cc1nc2ccc(Cl)cc2c(-n2ccc3c(O)cc(-c4cn[nH]c4)cc32)c1C,NC(=O)[C@H](Cc1ccccc1)NC(=O)[C@H](CS)NC(=O)c1cn[nH]c1,[*]c1[c;H1][n;H1][n;H0][c;H1]1,[16*]c1cnccc1F,Cc1nc2ccc(Cl)cc2c(-n2ccc3c(O)cc(-c4cnccc4F)cc32)c1C,0.8109999999999999,-0.05311813923059966,A $\rightarrow$ A
Cc1nc2ccc(Cl)cc2c(-n2ccc3c(O)cc(-c4cn[nH]c4)cc32)c1C,NC(=O)[C@H](Cc1ccccc1)NC(=O)[C@H](CS)NC(=O)c1cn[nH]c1,[*]c1[c;H1][n;H1][n;H0][c;H1]1,[16*]c1ccccc1C#N,Cc1nc2ccc(Cl)cc2c(-n2ccc3c(O)cc(-c4ccccc4C#N)cc32)c1C,1.1485800000000008,-0.07303504210411571,A $\rightarrow$ A
Cc1nc2ccc(Cl)cc2c(-n2ccc3c(O)cc(-c4cn[nH]c4)cc32)c1C,NC(=O)[C@H](Cc1ccccc1)NC(=O)[C@H](CS)NC(=O)c1cn[nH]c1,[*]c1[c;H1][n;H1][n;H0][c;H1]1,[16*]c1cnn(C(F)(F)F)c1,Cc1nc2ccc(Cl)cc2c(-n2ccc3c(O)cc(-c4cnn(C(F)(F)F)c4)cc32)c1C,0.9497,-0.08673133222367191,A $\rightarrow$ A
Cc1nc2ccc(Cl)cc2c(-n2ccc3c(O)cc(-c4cn[nH]c4)cc32)c1C,NC(=O)[C@H](Cc1ccccc1)NC(=O)[C@H](CS)NC(=O)c1cn[nH]c1,[*]c1[c;H1][n;H1][n;H0][c;H1]1,[16*]c1ccc2nccn2c1,Cc1nc2ccc(Cl)cc2c(-n2ccc3c(O)cc(-c4ccc5nccn5c4)cc32)c1C,0.9246000000000008,-0.07981326642730802,A $\rightarrow$ A
Cc1nc2ccc(Cl)cc2c(-n2ccc3c(O)cc(-c4cn[nH]c4)cc32)c1C,NC(=O)[C@H](Cc1ccccc1)NC(=O)[C@H](CS)NC(=O)c1cn[nH]c1,[*]c1[c;H1][n;H1][n;H0][c;H1]1,[16*]c1cc(F)nc(F)c1,Cc1nc2ccc(Cl)cc2c(-n2ccc3c(O)cc(-c4cc(F)nc(F)c4)cc32)c1C,0.9501,-0.09454147926564233,A $\rightarrow$ A
Cc1nc2ccc(Cl)cc2c(-n2ccc3c(O)cc(-c4cn[nH]c4)cc32)c1C,NC(=O)[C@H](Cc1ccccc1)NC(=O)[C@H](CS)NC(=O)c1cn[nH]c1,[*]c1[c;H1][n;H1][n;H0][c;H1]1,[14*]c1cnc(C)s1,Cc1ncc(-c2cc(O)c3ccn(-c4c(C)c(C)nc5ccc(Cl)cc45)c3c2)s1,1.0418200000000004,-0.06565993058883773,A $\rightarrow$ A
Cc1nc2ccc(Cl)cc2c(-n2ccc3c(O)cc(-c4cn[nH]c4)cc32)c1C,NC(=O)[C@H](Cc1ccccc1)NC(=O)[C@H](CS)NC(=O)c1cn[nH]c1,[*]c1[c;H1][n;H1][n;H0][c;H1]1,[16*]c1cccc(C(=O)O)c1,Cc1nc2ccc(Cl)cc2c(-n2ccc3c(O)cc(-c4cccc(C(=O)O)c4)cc32)c1C,0.9751000000000012,-0.08337965282998122,A $\rightarrow$ A
Cc1nc2ccc(Cl)cc2c(-n2ccc3c(O)cc(-c4cn[nH]c4)cc32)c1C,NC(=O)[C@H](Cc1ccccc1)NC(=O)[C@H](CS)NC(=O)c1cn[nH]c1,[*]c1[c;H1][n;H1][n;H0][c;H1]1,[16*]c1cnc(F)c(F)c1,Cc1nc2ccc(Cl)cc2c(-n2ccc3c(O)cc(-c4cnc(F)c(F)c4)cc32)c1C,0.9501,-0.09454147926564233,A $\rightarrow$ A
Cc1nc2ccc(Cl)cc2c(-n2ccc3c(O)cc(-c4cn[nH]c4)cc32)c1C,NC(=O)[C@H](Cc1ccccc1)NC(=O)[C@H](CS)NC(=O)c1cn[nH]c1,[*]c1[c;H1][n;H1][n;H0][c;H1]1,[16*]c1ccncc1F,Cc1nc2ccc(Cl)cc2c(-n2ccc3c(O)cc(-c4ccncc4F)cc32)c1C,0.8109999999999999,-0.05311813923059966,A $\rightarrow$ A
Cc1nc2ccc(Cl)cc2c(-n2ccc3c(O)cc(-c4cn[nH]c4)cc32)c1C,NC(=O)[C@H](Cc1ccccc1)NC(=O)[C@H](CS)NC(=O)c1cn[nH]c1,[*]c1[c;H1][n;H1][n;H0][c;H1]1,[16*]c1cccn2nccc12,Cc1nc2ccc(Cl)cc2c(-n2ccc3c(O)cc(-c4cccn5nccc45)cc32)c1C,0.9246000000000008,-0.07981326642730802,A $\rightarrow$ A
Cc1nc2ccc(Cl)cc2c(-n2ccc3c(O)cc(-c4cn[nH]c4)cc32)c1C,NC(=O)[C@H](Cc1ccccc1)NC(=O)[C@H](CS)NC(=O)c1cn[nH]c1,[*]c1[c;H1][n;H1][n;H0][c;H1]1,[16*]c1ccc(F)nc1F,Cc1nc2ccc(Cl)cc2c(-n2ccc3c(O)cc(-c4ccc(F)nc4F)cc32)c1C,0.9501000000000008,-0.09454147926564244,A $\rightarrow$ A
Cc1nc2ccc(Cl)cc2c(-n2ccc3c(O)cc(-c4cn[nH]c4)cc32)c1C,NC(=O)[C@H](Cc1ccccc1)NC(=O)[C@H](CS)NC(=O)c1cn[nH]c1,[*]c1[c;H1][n;H1][n;H0][c;H1]1,[16*]c1ccc2cncn2c1,Cc1nc2ccc(Cl)cc2c(-n2ccc3c(O)cc(-c4ccc5cncn5c4)cc32)c1C,0.9246000000000008,-0.07981326642730802,A $\rightarrow$ A
Cc1nc2ccc(Cl)cc2c(-n2ccc3c(O)cc(-c4cn[nH]c4)cc32)c1C,NC(=O)[C@H](Cc1ccccc1)NC(=O)[C@H](CS)NC(=O)c1cn[nH]c1,[*]c1[c;H1][n;H1][n;H0][c;H1]1,[14*]c1cccc(F)n1,Cc1nc2ccc(Cl)cc2c(-n2ccc3c(O)cc(-c4cccc(F)n4)cc32)c1C,0.8110000000000008,-0.07657882022653445,A $\rightarrow$ A
Cc1nc2ccc(Cl)cc2c(-n2ccc3c(O)cc(-c4cn[nH]c4)cc32)c1C,NC(=O)[C@H](Cc1ccccc1)NC(=O)[C@H](CS)NC(=O)c1cn[nH]c1,[*]c1[c;H1][n;H1][n;H0][c;H1]1,[8*]CCCC,CCCCc1cc(O)c2ccn(-c3c(C)c(C)nc4ccc(Cl)cc34)c2c1,0.9525000000000015,0.023293482678316157,A $\rightarrow$ A
Cc1nc2ccc(Cl)cc2c(-n2ccc3c(O)cc(-c4cn[nH]c4)cc32)c1C,NC(=O)[C@H](Cc1ccccc1)NC(=O)[C@H](CS)NC(=O)c1cn[nH]c1,[*]c1[c;H1][n;H1][n;H0][c;H1]1,[16*]c1cnn2ccccc12,Cc1nc2ccc(Cl)cc2c(-n2ccc3c(O)cc(-c4cnn5ccccc45)cc32)c1C,0.9246000000000008,-0.07981326642730802,A $\rightarrow$ A
Cc1nc2ccc(Cl)cc2c(-n2ccc3c(O)cc(-c4cn[nH]c4)cc32)c1C,NC(=O)[C@H](Cc1ccccc1)NC(=O)[C@H](CS)NC(=O)c1cn[nH]c1,[*]c1[c;H1][n;H1][n;H0][c;H1]1,[16*]c1ccccc1N,Cc1nc2ccc(Cl)cc2c(-n2ccc3c(O)cc(-c4ccccc4N)cc32)c1C,0.8591000000000006,-0.08787329357145851,A $\rightarrow$ A
Cc1nc2ccc(Cl)cc2c(-n2ccc3c(O)cc(-c4cn[nH]c4)cc32)c1C,NC(=O)[C@H](Cc1ccccc1)NC(=O)[C@H](CS)NC(=O)c1cn[nH]c1,[*]c1[c;H1][n;H1][n;H0][c;H1]1,[16*]c1ccccc1C(=O)OC,COC(=O)c1ccccc1-c1cc(O)c2ccn(-c3c(C)c(C)nc4ccc(Cl)cc34)c2c1,1.0635000000000012,-0.10646056632060824,A $\rightarrow$ A
Cc1nc2ccc(Cl)cc2c(-n2ccc3c(O)cc(-c4cn[nH]c4)cc32)c1C,NC(=O)[C@H](Cc1ccccc1)NC(=O)[C@H](CS)NC(=O)c1cn[nH]c1,[*]c1[c;H1][n;H1][n;H0][c;H1]1,[16*]c1ccn2ccnc2c1,Cc1nc2ccc(Cl)cc2c(-n2ccc3c(O)cc(-c4ccn5ccnc5c4)cc32)c1C,0.9246000000000008,-0.07981326642730802,A $\rightarrow$ A
Cc1nc2ccc(Cl)cc2c(-n2ccc3c(O)cc(-c4cn[nH]c4)cc32)c1C,NC(=O)[C@H](Cc1ccccc1)NC(=O)[C@H](CS)NC(=O)c1cn[nH]c1,[*]c1[c;H1][n;H1][n;H0][c;H1]1,[16*]c1ccnc(CF)c1,Cc1nc2ccc(Cl)cc2c(-n2ccc3c(O)cc(-c4ccnc(CF)c4)cc32)c1C,1.1414000000000009,-0.07053756733185196,A $\rightarrow$ A
Cc1nc2ccc(Cl)cc2c(-n2ccc3c(O)cc(-c4cn[nH]c4)cc32)c1C,NC(=O)[C@H](Cc1ccccc1)NC(=O)[C@H](CS)NC(=O)c1cn[nH]c1,[*]c1[c;H1][n;H1][n;H0][c;H1]1,[16*]c1ccc(C=O)cc1,Cc1nc2ccc(Cl)cc2c(-n2ccc3c(O)cc(-c4ccc(C=O)cc4)cc32)c1C,1.0894000000000013,-0.08756122841330383,A $\rightarrow$ A
Cc1nc2ccc(Cl)cc2c(-n2ccc3c(O)cc(-c4cn[nH]c4)cc32)c1C,NC(=O)[C@H](Cc1ccccc1)NC(=O)[C@H](CS)NC(=O)c1cn[nH]c1,[*]c1[c;H1][n;H1][n;H0][c;H1]1,[16*]c1ccc(OCC)nc1,CCOc1ccc(-c2cc(O)c3ccn(-c4c(C)c(C)nc5ccc(Cl)cc45)c3c2)cn1,1.0706000000000007,-0.07764621495061835,A $\rightarrow$ A
Cc1nc2ccc(Cl)cc2c(-n2ccc3c(O)cc(-c4cn[nH]c4)cc32)c1C,NC(=O)[C@H](Cc1ccccc1)NC(=O)[C@H](CS)NC(=O)c1cn[nH]c1,[*]c1[c;H1][n;H1][n;H0][c;H1]1,[6*]C(=O)Oc1ccccc1,Cc1nc2ccc(Cl)cc2c(-n2ccc3c(O)cc(C(=O)Oc4ccccc4)cc32)c1C,0.8291000000000013,-0.15652284639976194,A $\rightarrow$ A
Cc1nc2ccc(Cl)cc2c(-n2ccc3c(O)cc(-c4cn[nH]c4)cc32)c1C,NC(=O)[C@H](Cc1ccccc1)NC(=O)[C@H](CS)NC(=O)c1cn[nH]c1,[*]c1[c;H1][n;H1][n;H0][c;H1]1,[16*]c1ccn2cncc2c1,Cc1nc2ccc(Cl)cc2c(-n2ccc3c(O)cc(-c4ccn5cncc5c4)cc32)c1C,0.9246000000000008,-0.07981326642730802,A $\rightarrow$ A
Cc1nc2ccc(Cl)cc2c(-n2ccc3c(O)cc(-c4cn[nH]c4)cc32)c1C,NC(=O)[C@H](Cc1ccccc1)NC(=O)[C@H](CS)NC(=O)c1cn[nH]c1,[*]c1[c;H1][n;H1][n;H0][c;H1]1,[16*]c1ccc(O)c(OC)c1,COc1cc(-c2cc(O)c3ccn(-c4c(C)c(C)nc5ccc(Cl)cc45)c3c2)ccc1O,0.9911000000000021,-0.08517779697089706,A $\rightarrow$ A
Cc1nc2ccc(Cl)cc2c(-n2ccc3c(O)cc(-c4cn[nH]c4)cc32)c1C,NC(=O)[C@H](Cc1ccccc1)NC(=O)[C@H](CS)NC(=O)c1cn[nH]c1,[*]c1[c;H1][n;H1][n;H0][c;H1]1,[16*]c1csnc1C,Cc1nscc1-c1cc(O)c2ccn(-c3c(C)c(C)nc4ccc(Cl)cc34)c2c1,1.0418199999999995,-0.06565993058883773,A $\rightarrow$ A
Cc1nc2ccc(Cl)cc2c(-n2ccc3c(O)cc(-c4cn[nH]c4)cc32)c1C,NC(=O)[C@H](Cc1ccccc1)NC(=O)[C@H](CS)NC(=O)c1cn[nH]c1,[*]c1[c;H1][n;H1][n;H0][c;H1]1,[14*]c1cccn1CC,CCn1cccc1-c1cc(O)c2ccn(-c3c(C)c(C)nc4ccc(Cl)cc34)c2c1,1.098300000000001,-0.05817693079939873,A $\rightarrow$ A
Cc1nc2ccc(Cl)cc2c(-n2ccc3c(O)cc(-c4cn[nH]c4)cc32)c1C,NC(=O)[C@H](Cc1ccccc1)NC(=O)[C@H](CS)NC(=O)c1cn[nH]c1,[*]c1[c;H1][n;H1][n;H0][c;H1]1,[14*]c1ncc(F)s1,Cc1nc2ccc(Cl)cc2c(-n2ccc3c(O)cc(-c4ncc(F)s4)cc32)c1C,0.8724999999999996,-0.060366092219016954,A $\rightarrow$ A
Cc1nc2ccc(Cl)cc2c(-n2ccc3c(O)cc(-c4cn[nH]c4)cc32)c1C,NC(=O)[C@H](Cc1ccccc1)NC(=O)[C@H](CS)NC(=O)c1cn[nH]c1,[*]c1[c;H1][n;H1][n;H0][c;H1]1,[8*]C(C)Cl,Cc1nc2ccc(Cl)cc2c(-n2ccc3c(O)cc(C(C)Cl)cc32)c1C,0.9097,-0.014048365203389035,A $\rightarrow$ A
Cc1nc2ccc(Cl)cc2c(-n2ccc3c(O)cc(-c4cn[nH]c4)cc32)c1C,NC(=O)[C@H](Cc1ccccc1)NC(=O)[C@H](CS)NC(=O)c1cn[nH]c1,[*]c1[c;H1][n;H1][n;H0][c;H1]1,[16*]c1ccc(OC)c(O)c1,COc1ccc(-c2cc(O)c3ccn(-c4c(C)c(C)nc5ccc(Cl)cc45)c3c2)cc1O,0.9911000000000021,-0.08517779697089706,A $\rightarrow$ A
Cc1nc2ccc(Cl)cc2c(-n2ccc3c(O)cc(-c4cn[nH]c4)cc32)c1C,NC(=O)[C@H](Cc1ccccc1)NC(=O)[C@H](CS)NC(=O)c1cn[nH]c1,[*]c1[c;H1][n;H1][n;H0][c;H1]1,[14*]c1ncc(C)s1,Cc1cnc(-c2cc(O)c3ccn(-c4c(C)c(C)nc5ccc(Cl)cc45)c3c2)s1,1.0418200000000004,-0.06565993058883773,A $\rightarrow$ A
Cc1nc2ccc(Cl)cc2c(-n2ccc3c(O)cc(-c4cn[nH]c4)cc32)c1C,NC(=O)[C@H](Cc1ccccc1)NC(=O)[C@H](CS)NC(=O)c1cn[nH]c1,[*]c1[c;H1][n;H1][n;H0][c;H1]1,[16*]c1ccc(CO)cc1,Cc1nc2ccc(Cl)cc2c(-n2ccc3c(O)cc(-c4ccc(CO)cc4)cc32)c1C,0.7692000000000023,-0.06310685997295123,A $\rightarrow$ A
Cc1nc2ccc(Cl)cc2c(-n2ccc3c(O)cc(-c4cn[nH]c4)cc32)c1C,NC(=O)[C@H](Cc1ccccc1)NC(=O)[C@H](CS)NC(=O)c1cn[nH]c1,[*]c1[c;H1][n;H1][n;H0][c;H1]1,[14*]c1cc(C)ns1,Cc1cc(-c2cc(O)c3ccn(-c4c(C)c(C)nc5ccc(Cl)cc45)c3c2)sn1,1.0418199999999995,-0.06565993058883773,A $\rightarrow$ A
Cc1nc2ccc(Cl)cc2c(-n2ccc3c(O)cc(-c4cn[nH]c4)cc32)c1C,NC(=O)[C@H](Cc1ccccc1)NC(=O)[C@H](CS)NC(=O)c1cn[nH]c1,[*]c1[c;H1][n;H1][n;H0][c;H1]1,[16*]c1cccc(C(=O)N(C)C)c1,Cc1nc2ccc(Cl)cc2c(-n2ccc3c(O)cc(-c4cccc(C(=O)N(C)C)c4)cc32)c1C,0.9787000000000026,-0.08980772071081622,A $\rightarrow$ A
Cc1nc2ccc(Cl)cc2c(-n2ccc3c(O)cc(-c4cn[nH]c4)cc32)c1C,NC(=O)[C@H](Cc1ccccc1)NC(=O)[C@H](CS)NC(=O)c1cn[nH]c1,[*]c1[c;H1][n;H1][n;H0][c;H1]1,[14*]c1cc(Cl)no1,Cc1nc2ccc(Cl)cc2c(-n2ccc3c(O)cc(-c4cc(Cl)no4)cc32)c1C,0.9182999999999995,-0.06346576201794274,A $\rightarrow$ A
Cc1nc2ccc(Cl)cc2c(-n2ccc3c(O)cc(-c4cn[nH]c4)cc32)c1C,NC(=O)[C@H](Cc1ccccc1)NC(=O)[C@H](CS)NC(=O)c1cn[nH]c1,[*]c1[c;H1][n;H1][n;H0][c;H1]1,[16*]c1cc(F)cnc1F,Cc1nc2ccc(Cl)cc2c(-n2ccc3c(O)cc(-c4cc(F)cnc4F)cc32)c1C,0.9501,-0.09454147926564233,A $\rightarrow$ A
Cc1nc2ccc(Cl)cc2c(-n2ccc3c(O)cc(-c4cn[nH]c4)cc32)c1C,NC(=O)[C@H](Cc1ccccc1)NC(=O)[C@H](CS)NC(=O)c1cn[nH]c1,[*]c1[c;H1][n;H1][n;H0][c;H1]1,[14*]c1cc2ccccn2n1,Cc1nc2ccc(Cl)cc2c(-n2ccc3c(O)cc(-c4cc5ccccn5n4)cc32)c1C,0.9246000000000008,-0.07981326642730802,A $\rightarrow$ A
Cc1nc2ccc(Cl)cc2c(-n2ccc3c(O)cc(-c4cn[nH]c4)cc32)c1C,NC(=O)[C@H](Cc1ccccc1)NC(=O)[C@H](CS)NC(=O)c1cn[nH]c1,[*]c1[c;H1][n;H1][n;H0][c;H1]1,[16*]c1c(C)noc1C,Cc1nc2ccc(Cl)cc2c(-n2ccc3c(O)cc(-c4c(C)noc4C)cc32)c1C,0.8817400000000015,-0.05731613222560111,A $\rightarrow$ A
Cc1nc2ccc(Cl)cc2c(-n2ccc3c(O)cc(-c4cn[nH]c4)cc32)c1C,NC(=O)[C@H](Cc1ccccc1)NC(=O)[C@H](CS)NC(=O)c1cn[nH]c1,[*]c1[c;H1][n;H1][n;H0][c;H1]1,[14*]c1ccc(C)n1C,Cc1nc2ccc(Cl)cc2c(-n2ccc3c(O)cc(-c4ccc(C)n4C)cc32)c1C,0.9238200000000028,-0.05783821213234802,A $\rightarrow$ A
Cc1nc2ccc(Cl)cc2c(-n2ccc3c(O)cc(-c4cn[nH]c4)cc32)c1C,NC(=O)[C@H](Cc1ccccc1)NC(=O)[C@H](CS)NC(=O)c1cn[nH]c1,[*]c1[c;H1][n;H1][n;H0][c;H1]1,[16*]c1ccc(OC)nc1C,COc1ccc(-c2cc(O)c3ccn(-c4c(C)c(C)nc5ccc(Cl)cc45)c3c2)c(C)n1,0.988920000000002,-0.07271293515805016,A $\rightarrow$ A
Cc1nc2ccc(Cl)cc2c(-n2ccc3c(O)cc(-c4cn[nH]c4)cc32)c1C,NC(=O)[C@H](Cc1ccccc1)NC(=O)[C@H](CS)NC(=O)c1cn[nH]c1,[*]c1[c;H1][n;H1][n;H0][c;H1]1,[16*]c1cccc(CO)c1,Cc1nc2ccc(Cl)cc2c(-n2ccc3c(O)cc(-c4cccc(CO)c4)cc32)c1C,0.7692000000000023,-0.06310685997295123,A $\rightarrow$ A
Cc1nc2ccc(Cl)cc2c(-n2ccc3c(O)cc(-c4cn[nH]c4)cc32)c1C,NC(=O)[C@H](Cc1ccccc1)NC(=O)[C@H](CS)NC(=O)c1cn[nH]c1,[*]c1[c;H1][n;H1][n;H0][c;H1]1,[8*]CC(C)C,Cc1nc2ccc(Cl)cc2c(-n2ccc3c(O)cc(CC(C)C)cc32)c1C,0.8084000000000007,0.03384561918222695,A $\rightarrow$ A
Cc1nc2ccc(Cl)cc2c(-n2ccc3c(O)cc(-c4cn[nH]c4)cc32)c1C,NC(=O)[C@H](Cc1ccccc1)NC(=O)[C@H](CS)NC(=O)c1cn[nH]c1,[*]c1[c;H1][n;H1][n;H0][c;H1]1,[14*]c1cc(C)cn1C,Cc1cc(-c2cc(O)c3ccn(-c4c(C)c(C)nc5ccc(Cl)cc45)c3c2)n(C)c1,0.9238200000000001,-0.05783821213234791,A $\rightarrow$ A
Cc1nc2ccc(Cl)cc2c(-n2ccc3c(O)cc(-c4cn[nH]c4)cc32)c1C,NC(=O)[C@H](Cc1ccccc1)NC(=O)[C@H](CS)NC(=O)c1cn[nH]c1,[*]c1[c;H1][n;H1][n;H0][c;H1]1,[14*]c1cc(F)ccn1,Cc1nc2ccc(Cl)cc2c(-n2ccc3c(O)cc(-c4cc(F)ccn4)cc32)c1C,0.8109999999999999,-0.05311813923059966,A $\rightarrow$ A
Cc1nc2ccc(Cl)cc2c(-n2ccc3c(O)cc(-c4cn[nH]c4)cc32)c1C,NC(=O)[C@H](Cc1ccccc1)NC(=O)[C@H](CS)NC(=O)c1cn[nH]c1,[*]c1[c;H1][n;H1][n;H0][c;H1]1,[16*]c1ccc(COC)nc1,COCc1ccc(-c2cc(O)c3ccn(-c4c(C)c(C)nc5ccc(Cl)cc45)c3c2)cn1,0.8183000000000016,-0.06598472191644122,A $\rightarrow$ A
Cc1nc2ccc(Cl)cc2c(-n2ccc3c(O)cc(-c4cn[nH]c4)cc32)c1C,NC(=O)[C@H](Cc1ccccc1)NC(=O)[C@H](CS)NC(=O)c1cn[nH]c1,[*]c1[c;H1][n;H1][n;H0][c;H1]1,[16*]c1ccnc(OCC)c1,CCOc1cc(-c2cc(O)c3ccn(-c4c(C)c(C)nc5ccc(Cl)cc45)c3c2)ccn1,1.0706000000000016,-0.07764621495061835,A $\rightarrow$ A
Cc1nc2ccc(Cl)cc2c(-n2ccc3c(O)cc(-c4cn[nH]c4)cc32)c1C,NC(=O)[C@H](Cc1ccccc1)NC(=O)[C@H](CS)NC(=O)c1cn[nH]c1,[*]c1[c;H1][n;H1][n;H0][c;H1]1,[3*]OC(C)(C)C,Cc1nc2ccc(Cl)cc2c(-n2ccc3c(O)cc(OC(C)(C)C)cc32)c1C,0.7872000000000012,0.01500797106532048,A $\rightarrow$ A
Cc1nc2ccc(Cl)cc2c(-n2ccc3c(O)cc(-c4cn[nH]c4)cc32)c1C,NC(=O)[C@H](Cc1ccccc1)NC(=O)[C@H](CS)NC(=O)c1cn[nH]c1,[*]c1[c;H1][n;H1][n;H0][c;H1]1,[16*]c1cc(C)nc(OC)c1,COc1cc(-c2cc(O)c3ccn(-c4c(C)c(C)nc5ccc(Cl)cc45)c3c2)cc(C)n1,0.988920000000002,-0.07271293515805016,A $\rightarrow$ A
Cc1nc2ccc(Cl)cc2c(-n2ccc3c(O)cc(-c4cn[nH]c4)cc32)c1C,NC(=O)[C@H](Cc1ccccc1)NC(=O)[C@H](CS)NC(=O)c1cn[nH]c1,[*]c1[c;H1][n;H1][n;H0][c;H1]1,[16*]c1ccccc1C(=O)O,Cc1nc2ccc(Cl)cc2c(-n2ccc3c(O)cc(-c4ccccc4C(=O)O)cc32)c1C,0.9751000000000012,-0.08337965282998122,A $\rightarrow$ A
Cc1nc2ccc(Cl)cc2c(-n2ccc3c(O)cc(-c4cn[nH]c4)cc32)c1C,NC(=O)[C@H](Cc1ccccc1)NC(=O)[C@H](CS)NC(=O)c1cn[nH]c1,[*]c1[c;H1][n;H1][n;H0][c;H1]1,[16*]c1coc(C)c1,Cc1cc(-c2cc(O)c3ccn(-c4c(C)c(C)nc5ccc(Cl)cc45)c3c2)co1,1.1783199999999994,-0.06050855307787034,A $\rightarrow$ A
Cc1nc2ccc(Cl)cc2c(-n2ccc3c(O)cc(-c4cn[nH]c4)cc32)c1C,NC(=O)[C@H](Cc1ccccc1)NC(=O)[C@H](CS)NC(=O)c1cn[nH]c1,[*]c1[c;H1][n;H1][n;H0][c;H1]1,[16*]c1ccc(C(C)=O)nc1,CC(=O)c1ccc(-c2cc(O)c3ccn(-c4c(C)c(C)nc5ccc(Cl)cc45)c3c2)cn1,0.8745000000000003,-0.08873746716952025,A $\rightarrow$ A
Cc1nc2ccc(Cl)cc2c(-n2ccc3c(O)cc(-c4cn[nH]c4)cc32)c1C,NC(=O)[C@H](Cc1ccccc1)NC(=O)[C@H](CS)NC(=O)c1cn[nH]c1,[*]c1[c;H1][n;H1][n;H0][c;H1]1,[14*]c1cccc2ccnn12,Cc1nc2ccc(Cl)cc2c(-n2ccc3c(O)cc(-c4cccc5ccnn45)cc32)c1C,0.9246000000000008,-0.07981326642730802,A $\rightarrow$ A
Cc1nc2ccc(Cl)cc2c(-n2ccc3c(O)cc(-c4cn[nH]c4)cc32)c1C,NC(=O)[C@H](Cc1ccccc1)NC(=O)[C@H](CS)NC(=O)c1cn[nH]c1,[*]c1[c;H1][n;H1][n;H0][c;H1]1,[8*]CC1CCC1,Cc1nc2ccc(Cl)cc2c(-n2ccc3c(O)cc(CC4CCC4)cc32)c1C,0.9525000000000015,0.016722697396786668,A $\rightarrow$ A
Cc1nc2ccc(Cl)cc2c(-n2ccc3c(O)cc(-c4cn[nH]c4)cc32)c1C,NC(=O)[C@H](Cc1ccccc1)NC(=O)[C@H](CS)NC(=O)c1cn[nH]c1,[*]c1[c;H1][n;H1][n;H0][c;H1]1,[16*]c1ccc(C)nc1,Cc1ccc(C(=O)N[C@@H](CS)C(=O)N[C@@H](Cc2ccccc2)C(N)=O)cn1,0.9803199999999999,0.08685611784580971,B $\rightarrow$ B
Cc1nc2ccc(Cl)cc2c(-n2ccc3c(O)cc(-c4cn[nH]c4)cc32)c1C,NC(=O)[C@H](Cc1ccccc1)NC(=O)[C@H](CS)NC(=O)c1cn[nH]c1,[*]c1[c;H1][n;H1][n;H0][c;H1]1,[16*]c1ccnc(C)c1,Cc1cc(C(=O)N[C@@H](CS)C(=O)N[C@@H](Cc2ccccc2)C(N)=O)ccn1,0.9803199999999999,0.08685611784580971,B $\rightarrow$ B
Cc1nc2ccc(Cl)cc2c(-n2ccc3c(O)cc(-c4cn[nH]c4)cc32)c1C,NC(=O)[C@H](Cc1ccccc1)NC(=O)[C@H](CS)NC(=O)c1cn[nH]c1,[*]c1[c;H1][n;H1][n;H0][c;H1]1,[14*]c1cccc(C)n1,Cc1cccc(C(=O)N[C@@H](CS)C(=O)N[C@@H](Cc2ccccc2)C(N)=O)n1,0.9803200000000003,0.0868561178458096,B $\rightarrow$ B
Cc1nc2ccc(Cl)cc2c(-n2ccc3c(O)cc(-c4cn[nH]c4)cc32)c1C,NC(=O)[C@H](Cc1ccccc1)NC(=O)[C@H](CS)NC(=O)c1cn[nH]c1,[*]c1[c;H1][n;H1][n;H0][c;H1]1,[16*]c1cccnc1C,Cc1ncccc1C(=O)N[C@@H](CS)C(=O)N[C@@H](Cc1ccccc1)C(N)=O,0.9803199999999999,0.0868561178458096,B $\rightarrow$ B
Cc1nc2ccc(Cl)cc2c(-n2ccc3c(O)cc(-c4cn[nH]c4)cc32)c1C,NC(=O)[C@H](Cc1ccccc1)NC(=O)[C@H](CS)NC(=O)c1cn[nH]c1,[*]c1[c;H1][n;H1][n;H0][c;H1]1,[16*]c1ccc(O)cc1,NC(=O)[C@H](Cc1ccccc1)NC(=O)[C@H](CS)NC(=O)c1ccc(O)cc1,0.9824999999999997,0.015169541209897386,B $\rightarrow$ B
Cc1nc2ccc(Cl)cc2c(-n2ccc3c(O)cc(-c4cn[nH]c4)cc32)c1C,NC(=O)[C@H](Cc1ccccc1)NC(=O)[C@H](CS)NC(=O)c1cn[nH]c1,[*]c1[c;H1][n;H1][n;H0][c;H1]1,[16*]c1cncc(C)c1,Cc1cncc(C(=O)N[C@@H](CS)C(=O)N[C@@H](Cc2ccccc2)C(N)=O)c1,0.9803199999999999,0.08685611784580971,B $\rightarrow$ B
Cc1nc2ccc(Cl)cc2c(-n2ccc3c(O)cc(-c4cn[nH]c4)cc32)c1C,NC(=O)[C@H](Cc1ccccc1)NC(=O)[C@H](CS)NC(=O)c1cn[nH]c1,[*]c1[c;H1][n;H1][n;H0][c;H1]1,[16*]c1ccncc1C,Cc1cnccc1C(=O)N[C@@H](CS)C(=O)N[C@@H](Cc1ccccc1)C(N)=O,0.9803199999999999,0.0868561178458096,B $\rightarrow$ B
Cc1nc2ccc(Cl)cc2c(-n2ccc3c(O)cc(-c4cn[nH]c4)cc32)c1C,NC(=O)[C@H](Cc1ccccc1)NC(=O)[C@H](CS)NC(=O)c1cn[nH]c1,[*]c1[c;H1][n;H1][n;H0][c;H1]1,[16*]c1cnccc1C,Cc1ccncc1C(=O)N[C@@H](CS)C(=O)N[C@@H](Cc1ccccc1)C(N)=O,0.9803199999999999,0.0868561178458096,B $\rightarrow$ B
Cc1nc2ccc(Cl)cc2c(-n2ccc3c(O)cc(-c4cn[nH]c4)cc32)c1C,NC(=O)[C@H](Cc1ccccc1)NC(=O)[C@H](CS)NC(=O)c1cn[nH]c1,[*]c1[c;H1][n;H1][n;H0][c;H1]1,[14*]c1ccco1,NC(=O)[C@H](Cc1ccccc1)NC(=O)[C@H](CS)NC(=O)c1ccco1,0.8698999999999999,0.10177907197845715,B $\rightarrow$ B
Cc1nc2ccc(Cl)cc2c(-n2ccc3c(O)cc(-c4cn[nH]c4)cc32)c1C,NC(=O)[C@H](Cc1ccccc1)NC(=O)[C@H](CS)NC(=O)c1cn[nH]c1,[*]c1[c;H1][n;H1][n;H0][c;H1]1,[14*]c1ncccc1C,Cc1cccnc1C(=O)N[C@@H](CS)C(=O)N[C@@H](Cc1ccccc1)C(N)=O,0.9803199999999999,0.0868561178458096,B $\rightarrow$ B
Cc1nc2ccc(Cl)cc2c(-n2ccc3c(O)cc(-c4cn[nH]c4)cc32)c1C,NC(=O)[C@H](Cc1ccccc1)NC(=O)[C@H](CS)NC(=O)c1cn[nH]c1,[*]c1[c;H1][n;H1][n;H0][c;H1]1,[14*]c1cc2ccccn2n1,NC(=O)[C@H](Cc1ccccc1)NC(=O)[C@H](CS)NC(=O)c1cc2ccccn2n1,0.9245999999999994,-0.006038113103987941,B $\rightarrow$ B
Cc1nc2ccc(Cl)cc2c(-n2ccc3c(O)cc(-c4cn[nH]c4)cc32)c1C,NC(=O)[C@H](Cc1ccccc1)NC(=O)[C@H](CS)NC(=O)c1cn[nH]c1,[*]c1[c;H1][n;H1][n;H0][c;H1]1,[16*]c1cccc(O)c1,NC(=O)[C@H](Cc1ccccc1)NC(=O)[C@H](CS)NC(=O)c1cccc(O)c1,0.9824999999999999,0.015169541209897386,B $\rightarrow$ B
Cc1nc2ccc(Cl)cc2c(-n2ccc3c(O)cc(-c4cn[nH]c4)cc32)c1C,NC(=O)[C@H](Cc1ccccc1)NC(=O)[C@H](CS)NC(=O)c1cn[nH]c1,[*]c1[c;H1][n;H1][n;H0][c;H1]1,[14*]c1ccc(C)cn1,Cc1ccc(C(=O)N[C@@H](CS)C(=O)N[C@@H](Cc2ccccc2)C(N)=O)nc1,0.9803200000000003,0.08685611784580971,B $\rightarrow$ B
Cc1nc2ccc(Cl)cc2c(-n2ccc3c(O)cc(-c4cn[nH]c4)cc32)c1C,NC(=O)[C@H](Cc1ccccc1)NC(=O)[C@H](CS)NC(=O)c1cn[nH]c1,[*]c1[c;H1][n;H1][n;H0][c;H1]1,[16*]c1ccccc1O,NC(=O)[C@H](Cc1ccccc1)NC(=O)[C@H](CS)NC(=O)c1ccccc1O,0.9824999999999997,0.015169541209897386,B $\rightarrow$ B
Cc1nc2ccc(Cl)cc2c(-n2ccc3c(O)cc(-c4cn[nH]c4)cc32)c1C,NC(=O)[C@H](Cc1ccccc1)NC(=O)[C@H](CS)NC(=O)c1cn[nH]c1,[*]c1[c;H1][n;H1][n;H0][c;H1]1,[16*]c1ccc2ccnn2c1,NC(=O)[C@H](Cc1ccccc1)NC(=O)[C@H](CS)NC(=O)c1ccc2ccnn2c1,0.9245999999999996,-0.006038113103987941,B $\rightarrow$ B
Cc1nc2ccc(Cl)cc2c(-n2ccc3c(O)cc(-c4cn[nH]c4)cc32)c1C,NC(=O)[C@H](Cc1ccccc1)NC(=O)[C@H](CS)NC(=O)c1cn[nH]c1,[*]c1[c;H1][n;H1][n;H0][c;H1]1,[14*]c1cc(C)ccn1,Cc1ccnc(C(=O)N[C@@H](CS)C(=O)N[C@@H](Cc2ccccc2)C(N)=O)c1,0.9803199999999999,0.0868561178458096,B $\rightarrow$ B
Cc1nc2ccc(Cl)cc2c(-n2ccc3c(O)cc(-c4cn[nH]c4)cc32)c1C,NC(=O)[C@H](Cc1ccccc1)NC(=O)[C@H](CS)NC(=O)c1cn[nH]c1,[*]c1[c;H1][n;H1][n;H0][c;H1]1,[14*]c1ccc(C)[nH]1,Cc1ccc(C(=O)N[C@@H](CS)C(=O)N[C@@H](Cc2ccccc2)C(N)=O)[nH]1,0.9134200000000006,0.02327573220140916,B $\rightarrow$ B
Cc1nc2ccc(Cl)cc2c(-n2ccc3c(O)cc(-c4cn[nH]c4)cc32)c1C,NC(=O)[C@H](Cc1ccccc1)NC(=O)[C@H](CS)NC(=O)c1cn[nH]c1,[*]c1[c;H1][n;H1][n;H0][c;H1]1,[16*]c1c[nH]c(C)c1,Cc1cc(C(=O)N[C@@H](CS)C(=O)N[C@@H](Cc2ccccc2)C(N)=O)c[nH]1,0.9134200000000006,0.02327573220140916,B $\rightarrow$ B
Cc1nc2ccc(Cl)cc2c(-n2ccc3c(O)cc(-c4cn[nH]c4)cc32)c1C,NC(=O)[C@H](Cc1ccccc1)NC(=O)[C@H](CS)NC(=O)c1cn[nH]c1,[*]c1[c;H1][n;H1][n;H0][c;H1]1,[16*]c1ccn(CC)c1,CCn1ccc(C(=O)N[C@@H](CS)C(=O)N[C@@H](Cc2ccccc2)C(N)=O)c1,1.0982999999999994,0.06485945220948569,B $\rightarrow$ B
Cc1nc2ccc(Cl)cc2c(-n2ccc3c(O)cc(-c4cn[nH]c4)cc32)c1C,NC(=O)[C@H](Cc1ccccc1)NC(=O)[C@H](CS)NC(=O)c1cn[nH]c1,[*]c1[c;H1][n;H1][n;H0][c;H1]1,[16*]c1cnn2ccccc12,NC(=O)[C@H](Cc1ccccc1)NC(=O)[C@H](CS)NC(=O)c1cnn2ccccc12,0.9246000000000003,-0.00603811310398783,B $\rightarrow$ B
Cc1nc2ccc(Cl)cc2c(-n2ccc3c(O)cc(-c4cn[nH]c4)cc32)c1C,NC(=O)[C@H](Cc1ccccc1)NC(=O)[C@H](CS)NC(=O)c1cn[nH]c1,[*]c1[c;H1][n;H1][n;H0][c;H1]1,[16*]c1ccc(C#N)cc1,N#Cc1ccc(C(=O)N[C@@H](CS)C(=O)N[C@@H](Cc2ccccc2)C(N)=O)cc1,1.1485800000000002,0.08108271644263759,B $\rightarrow$ B
Cc1nc2ccc(Cl)cc2c(-n2ccc3c(O)cc(-c4cn[nH]c4)cc32)c1C,NC(=O)[C@H](Cc1ccccc1)NC(=O)[C@H](CS)NC(=O)c1cn[nH]c1,[*]c1[c;H1][n;H1][n;H0][c;H1]1,[14*]c1ccc(F)o1,NC(=O)[C@H](Cc1ccccc1)NC(=O)[C@H](CS)NC(=O)c1ccc(F)o1,1.009,0.09306752926445849,B $\rightarrow$ B
Cc1nc2ccc(Cl)cc2c(-n2ccc3c(O)cc(-c4cn[nH]c4)cc32)c1C,NC(=O)[C@H](Cc1ccccc1)NC(=O)[C@H](CS)NC(=O)c1cn[nH]c1,[*]c1[c;H1][n;H1][n;H0][c;H1]1,[16*]c1ccoc1,NC(=O)[C@H](Cc1ccccc1)NC(=O)[C@H](CS)NC(=O)c1ccoc1,0.8698999999999999,0.10177907197845715,B $\rightarrow$ B
Cc1nc2ccc(Cl)cc2c(-n2ccc3c(O)cc(-c4cn[nH]c4)cc32)c1C,NC(=O)[C@H](Cc1ccccc1)NC(=O)[C@H](CS)NC(=O)c1cn[nH]c1,[*]c1[c;H1][n;H1][n;H0][c;H1]1,[16*]c1ccc2c(c1)OCO2,NC(=O)[C@H](Cc1ccccc1)NC(=O)[C@H](CS)NC(=O)c1ccc2c(c1)OCO2,1.0055999999999996,0.06080717208632608,B $\rightarrow$ B
Cc1nc2ccc(Cl)cc2c(-n2ccc3c(O)cc(-c4cn[nH]c4)cc32)c1C,NC(=O)[C@H](Cc1ccccc1)NC(=O)[C@H](CS)NC(=O)c1cn[nH]c1,[*]c1[c;H1][n;H1][n;H0][c;H1]1,[16*]c1ccc(N=O)cc1,NC(=O)[C@H](Cc1ccccc1)NC(=O)[C@H](CS)NC(=O)c1ccc(N=O)cc1,1.6747999999999996,-0.0380342362822384,B $\rightarrow$ B
Cc1nc2ccc(Cl)cc2c(-n2ccc3c(O)cc(-c4cn[nH]c4)cc32)c1C,NC(=O)[C@H](Cc1ccccc1)NC(=O)[C@H](CS)NC(=O)c1cn[nH]c1,[*]c1[c;H1][n;H1][n;H0][c;H1]1,[14*]c1[nH]ccc1C,Cc1cc[nH]c1C(=O)N[C@@H](CS)C(=O)N[C@@H](Cc1ccccc1)C(N)=O,0.9134199999999995,0.023275732201408994,B $\rightarrow$ B
Cc1nc2ccc(Cl)cc2c(-n2ccc3c(O)cc(-c4cn[nH]c4)cc32)c1C,NC(=O)[C@H](Cc1ccccc1)NC(=O)[C@H](CS)NC(=O)c1cn[nH]c1,[*]c1[c;H1][n;H1][n;H0][c;H1]1,[14*]c1cc(C)c[nH]1,Cc1c[nH]c(C(=O)N[C@@H](CS)C(=O)N[C@@H](Cc2ccccc2)C(N)=O)c1,0.9134199999999995,0.02327573220140916,B $\rightarrow$ B
Cc1nc2ccc(Cl)cc2c(-n2ccc3c(O)cc(-c4cn[nH]c4)cc32)c1C,NC(=O)[C@H](Cc1ccccc1)NC(=O)[C@H](CS)NC(=O)c1cn[nH]c1,[*]c1[c;H1][n;H1][n;H0][c;H1]1,[16*]c1cccc(C#N)c1,N#Cc1cccc(C(=O)N[C@@H](CS)C(=O)N[C@@H](Cc2ccccc2)C(N)=O)c1,1.1485800000000002,0.08108271644263748,B $\rightarrow$ B
Cc1nc2ccc(Cl)cc2c(-n2ccc3c(O)cc(-c4cn[nH]c4)cc32)c1C,NC(=O)[C@H](Cc1ccccc1)NC(=O)[C@H](CS)NC(=O)c1cn[nH]c1,[*]c1[c;H1][n;H1][n;H0][c;H1]1,[14*]c1cn2ccccc2n1,NC(=O)[C@H](Cc1ccccc1)NC(=O)[C@H](CS)NC(=O)c1cn2ccccc2n1,0.9245999999999999,-0.006038113103987941,B $\rightarrow$ B
Cc1nc2ccc(Cl)cc2c(-n2ccc3c(O)cc(-c4cn[nH]c4)cc32)c1C,NC(=O)[C@H](Cc1ccccc1)NC(=O)[C@H](CS)NC(=O)c1cn[nH]c1,[*]c1[c;H1][n;H1][n;H0][c;H1]1,[16*]c1ccn2nccc2c1,NC(=O)[C@H](Cc1ccccc1)NC(=O)[C@H](CS)NC(=O)c1ccn2nccc2c1,0.9246000000000001,-0.00603811310398783,B $\rightarrow$ B
Cc1nc2ccc(Cl)cc2c(-n2ccc3c(O)cc(-c4cn[nH]c4)cc32)c1C,NC(=O)[C@H](Cc1ccccc1)NC(=O)[C@H](CS)NC(=O)c1cn[nH]c1,[*]c1[c;H1][n;H1][n;H0][c;H1]1,[14*]c1cccc2ccnn12,NC(=O)[C@H](Cc1ccccc1)NC(=O)[C@H](CS)NC(=O)c1cccc2ccnn12,0.9245999999999994,-0.006038113103987941,B $\rightarrow$ B
Cc1nc2ccc(Cl)cc2c(-n2ccc3c(O)cc(-c4cn[nH]c4)cc32)c1C,NC(=O)[C@H](Cc1ccccc1)NC(=O)[C@H](CS)NC(=O)c1cn[nH]c1,[*]c1[c;H1][n;H1][n;H0][c;H1]1,[14*]c1cn2cccc2cn1,NC(=O)[C@H](Cc1ccccc1)NC(=O)[C@H](CS)NC(=O)c1cn2cccc2cn1,0.9246000000000001,-0.00603811310398783,B $\rightarrow$ B
Cc1nc2ccc(Cl)cc2c(-n2ccc3c(O)cc(-c4cn[nH]c4)cc32)c1C,NC(=O)[C@H](Cc1ccccc1)NC(=O)[C@H](CS)NC(=O)c1cn[nH]c1,[*]c1[c;H1][n;H1][n;H0][c;H1]1,[14*]c1ccc(OC)o1,COc1ccc(C(=O)N[C@@H](CS)C(=O)N[C@@H](Cc2ccccc2)C(N)=O)o1,0.8784999999999996,0.05291042258373957,B $\rightarrow$ B
Cc1nc2ccc(Cl)cc2c(-n2ccc3c(O)cc(-c4cn[nH]c4)cc32)c1C,NC(=O)[C@H](Cc1ccccc1)NC(=O)[C@H](CS)NC(=O)c1cn[nH]c1,[*]c1[c;H1][n;H1][n;H0][c;H1]1,[16*]c1ccc2c(c1)OCCO2,NC(=O)[C@H](Cc1ccccc1)NC(=O)[C@H](CS)NC(=O)c1ccc2c(c1)OCCO2,1.0480999999999994,0.04920377387999808,B $\rightarrow$ B
Cc1nc2ccc(Cl)cc2c(-n2ccc3c(O)cc(-c4cn[nH]c4)cc32)c1C,NC(=O)[C@H](Cc1ccccc1)NC(=O)[C@H](CS)NC(=O)c1cn[nH]c1,[*]c1[c;H1][n;H1][n;H0][c;H1]1,[14*]c1cnc(C)s1,Cc1ncc(C(=O)N[C@@H](CS)C(=O)N[C@@H](Cc2ccccc2)C(N)=O)s1,1.0418199999999995,0.08353980938608879,B $\rightarrow$ B
Cc1nc2ccc(Cl)cc2c(-n2ccc3c(O)cc(-c4cn[nH]c4)cc32)c1C,NC(=O)[C@H](Cc1ccccc1)NC(=O)[C@H](CS)NC(=O)c1cn[nH]c1,[*]c1[c;H1][n;H1][n;H0][c;H1]1,[16*]c1ccc(ON(C)C)cc1,CN(C)Oc1ccc(C(=O)N[C@@H](CS)C(=O)N[C@@H](Cc2ccccc2)C(N)=O)cc1,1.1323,-0.08281201233744862,B $\rightarrow$ B
Cc1nc2ccc(Cl)cc2c(-n2ccc3c(O)cc(-c4cn[nH]c4)cc32)c1C,NC(=O)[C@H](Cc1ccccc1)NC(=O)[C@H](CS)NC(=O)c1cn[nH]c1,[*]c1[c;H1][n;H1][n;H0][c;H1]1,[14*]c1ncn2ccccc12,NC(=O)[C@H](Cc1ccccc1)NC(=O)[C@H](CS)NC(=O)c1ncn2ccccc12,0.9246000000000003,-0.00603811310398783,B $\rightarrow$ B
Cc1nc2ccc(Cl)cc2c(-n2ccc3c(O)cc(-c4cn[nH]c4)cc32)c1C,NC(=O)[C@H](Cc1ccccc1)NC(=O)[C@H](CS)NC(=O)c1cn[nH]c1,[*]c1[c;H1][n;H1][n;H0][c;H1]1,[16*]c1cccc(N=O)c1,NC(=O)[C@H](Cc1ccccc1)NC(=O)[C@H](CS)NC(=O)c1cccc(N=O)c1,1.6747999999999996,-0.0380342362822384,B $\rightarrow$ B
Cc1nc2ccc(Cl)cc2c(-n2ccc3c(O)cc(-c4cn[nH]c4)cc32)c1C,NC(=O)[C@H](Cc1ccccc1)NC(=O)[C@H](CS)NC(=O)c1cn[nH]c1,[*]c1[c;H1][n;H1][n;H0][c;H1]1,[14*]c1cccn1CC,CCn1cccc1C(=O)N[C@@H](CS)C(=O)N[C@@H](Cc1ccccc1)C(N)=O,1.0983000000000003,0.06485945220948558,B $\rightarrow$ B
Cc1nc2ccc(Cl)cc2c(-n2ccc3c(O)cc(-c4cn[nH]c4)cc32)c1C,NC(=O)[C@H](Cc1ccccc1)NC(=O)[C@H](CS)NC(=O)c1cn[nH]c1,[*]c1[c;H1][n;H1][n;H0][c;H1]1,[14*]c1occc1F,NC(=O)[C@H](Cc1ccccc1)NC(=O)[C@H](CS)NC(=O)c1occc1F,1.0089999999999997,0.09306752926445849,B $\rightarrow$ B
Cc1nc2ccc(Cl)cc2c(-n2ccc3c(O)cc(-c4cn[nH]c4)cc32)c1C,NC(=O)[C@H](Cc1ccccc1)NC(=O)[C@H](CS)NC(=O)c1cn[nH]c1,[*]c1[c;H1][n;H1][n;H0][c;H1]1,[14*]c1cc2cccn2cn1,NC(=O)[C@H](Cc1ccccc1)NC(=O)[C@H](CS)NC(=O)c1cc2cccn2cn1,0.9245999999999994,-0.006038113103987941,B $\rightarrow$ B
Cc1nc2ccc(Cl)cc2c(-n2ccc3c(O)cc(-c4cn[nH]c4)cc32)c1C,NC(=O)[C@H](Cc1ccccc1)NC(=O)[C@H](CS)NC(=O)c1cn[nH]c1,[*]c1[c;H1][n;H1][n;H0][c;H1]1,[16*]c1ccccc1C#N,N#Cc1ccccc1C(=O)N[C@@H](CS)C(=O)N[C@@H](Cc1ccccc1)C(N)=O,1.1485800000000004,0.08108271644263748,B $\rightarrow$ B
Cc1nc2ccc(Cl)cc2c(-n2ccc3c(O)cc(-c4cn[nH]c4)cc32)c1C,NC(=O)[C@H](Cc1ccccc1)NC(=O)[C@H](CS)NC(=O)c1cn[nH]c1,[*]c1[c;H1][n;H1][n;H0][c;H1]1,[16*]c1csnc1C,Cc1nscc1C(=O)N[C@@H](CS)C(=O)N[C@@H](Cc1ccccc1)C(N)=O,1.0418200000000004,0.08353980938608879,B $\rightarrow$ B
Cc1nc2ccc(Cl)cc2c(-n2ccc3c(O)cc(-c4cn[nH]c4)cc32)c1C,NC(=O)[C@H](Cc1ccccc1)NC(=O)[C@H](CS)NC(=O)c1cn[nH]c1,[*]c1[c;H1][n;H1][n;H0][c;H1]1,[16*]c1ccc(C(=O)OC)cc1,COC(=O)c1ccc(C(=O)N[C@@H](CS)C(=O)N[C@@H](Cc2ccccc2)C(N)=O)cc1,1.0635000000000001,-0.06656349705585174,B $\rightarrow$ B
Cc1nc2ccc(Cl)cc2c(-n2ccc3c(O)cc(-c4cn[nH]c4)cc32)c1C,NC(=O)[C@H](Cc1ccccc1)NC(=O)[C@H](CS)NC(=O)c1cn[nH]c1,[*]c1[c;H1][n;H1][n;H0][c;H1]1,[14*]c1cc(F)co1,NC(=O)[C@H](Cc1ccccc1)NC(=O)[C@H](CS)NC(=O)c1cc(F)co1,1.0089999999999997,0.09306752926445849,B $\rightarrow$ B
Cc1nc2ccc(Cl)cc2c(-n2ccc3c(O)cc(-c4cn[nH]c4)cc32)c1C,NC(=O)[C@H](Cc1ccccc1)NC(=O)[C@H](CS)NC(=O)c1cn[nH]c1,[*]c1[c;H1][n;H1][n;H0][c;H1]1,[16*]c1ccc2cncn2c1,NC(=O)[C@H](Cc1ccccc1)NC(=O)[C@H](CS)NC(=O)c1ccc2cncn2c1,0.9245999999999996,-0.006038113103987941,B $\rightarrow$ B
Cc1nc2ccc(Cl)cc2c(-n2ccc3c(O)cc(-c4cn[nH]c4)cc32)c1C,NC(=O)[C@H](Cc1ccccc1)NC(=O)[C@H](CS)NC(=O)c1cn[nH]c1,[*]c1[c;H1][n;H1][n;H0][c;H1]1,[14*]c1csc(C)n1,Cc1nc(C(=O)N[C@@H](CS)C(=O)N[C@@H](Cc2ccccc2)C(N)=O)cs1,1.0418199999999995,0.08353980938608879,B $\rightarrow$ B
Cc1nc2ccc(Cl)cc2c(-n2ccc3c(O)cc(-c4cn[nH]c4)cc32)c1C,NC(=O)[C@H](Cc1ccccc1)NC(=O)[C@H](CS)NC(=O)c1cn[nH]c1,[*]c1[c;H1][n;H1][n;H0][c;H1]1,[16*]c1cnn(C(F)(F)F)c1,NC(=O)[C@H](Cc1ccccc1)NC(=O)[C@H](CS)NC(=O)c1cnn(C(F)(F)F)c1,0.9496999999999995,0.048179100412845066,B $\rightarrow$ B
Cc1nc2ccc(Cl)cc2c(-n2ccc3c(O)cc(-c4cn[nH]c4)cc32)c1C,NC(=O)[C@H](Cc1ccccc1)NC(=O)[C@H](CS)NC(=O)c1cn[nH]c1,[*]c1[c;H1][n;H1][n;H0][c;H1]1,[14*]c1scnc1C,Cc1ncsc1C(=O)N[C@@H](CS)C(=O)N[C@@H](Cc1ccccc1)C(N)=O,1.0418200000000004,0.08353980938608879,B $\rightarrow$ B
Cc1nc2ccc(Cl)cc2c(-n2ccc3c(O)cc(-c4cn[nH]c4)cc32)c1C,NC(=O)[C@H](Cc1ccccc1)NC(=O)[C@H](CS)NC(=O)c1cn[nH]c1,[*]c1[c;H1][n;H1][n;H0][c;H1]1,[14*]c1cc(C)ns1,Cc1cc(C(=O)N[C@@H](CS)C(=O)N[C@@H](Cc2ccccc2)C(N)=O)sn1,1.04182,0.08353980938608879,B $\rightarrow$ B
Cc1nc2ccc(Cl)cc2c(-n2ccc3c(O)cc(-c4cn[nH]c4)cc32)c1C,NC(=O)[C@H](Cc1ccccc1)NC(=O)[C@H](CS)NC(=O)c1cn[nH]c1,[*]c1[c;H1][n;H1][n;H0][c;H1]1,[14*]c1cc(Cl)no1,NC(=O)[C@H](Cc1ccccc1)NC(=O)[C@H](CS)NC(=O)c1cc(Cl)no1,0.9182999999999999,0.07343737515583898,B $\rightarrow$ B
Cc1nc2ccc(Cl)cc2c(-n2ccc3c(O)cc(-c4cn[nH]c4)cc32)c1C,NC(=O)[C@H](Cc1ccccc1)NC(=O)[C@H](CS)NC(=O)c1cn[nH]c1,[*]c1[c;H1][n;H1][n;H0][c;H1]1,[16*]c1ccccc1N=O,NC(=O)[C@H](Cc1ccccc1)NC(=O)[C@H](CS)NC(=O)c1ccccc1N=O,1.6747999999999996,-0.0380342362822384,B $\rightarrow$ B
Cc1nc2ccc(Cl)cc2c(-n2ccc3c(O)cc(-c4cn[nH]c4)cc32)c1C,NC(=O)[C@H](Cc1ccccc1)NC(=O)[C@H](CS)NC(=O)c1cn[nH]c1,[*]c1[c;H1][n;H1][n;H0][c;H1]1,[16*]c1cccn2nccc12,NC(=O)[C@H](Cc1ccccc1)NC(=O)[C@H](CS)NC(=O)c1cccn2nccc12,0.9246000000000003,-0.00603811310398783,B $\rightarrow$ B
Cc1nc2ccc(Cl)cc2c(-n2ccc3c(O)cc(-c4cn[nH]c4)cc32)c1C,NC(=O)[C@H](Cc1ccccc1)NC(=O)[C@H](CS)NC(=O)c1cn[nH]c1,[*]c1[c;H1][n;H1][n;H0][c;H1]1,[14*]c1nc(C)cs1,Cc1csc(C(=O)N[C@@H](CS)C(=O)N[C@@H](Cc2ccccc2)C(N)=O)n1,1.0418200000000004,0.08353980938608879,B $\rightarrow$ B
Cc1nc2ccc(Cl)cc2c(-n2ccc3c(O)cc(-c4cn[nH]c4)cc32)c1C,NC(=O)[C@H](Cc1ccccc1)NC(=O)[C@H](CS)NC(=O)c1cn[nH]c1,[*]c1[c;H1][n;H1][n;H0][c;H1]1,[14*]c1ccn(C(F)(F)F)n1,NC(=O)[C@H](Cc1ccccc1)NC(=O)[C@H](CS)NC(=O)c1ccn(C(F)(F)F)n1,0.9496999999999998,0.048179100412845066,B $\rightarrow$ B
Cc1nc2ccc(Cl)cc2c(-n2ccc3c(O)cc(-c4cn[nH]c4)cc32)c1C,NC(=O)[C@H](Cc1ccccc1)NC(=O)[C@H](CS)NC(=O)c1cn[nH]c1,[*]c1[c;H1][n;H1][n;H0][c;H1]1,[16*]c1c(C)noc1C,Cc1noc(C)c1C(=O)N[C@@H](CS)C(=O)N[C@@H](Cc1ccccc1)C(N)=O,0.8817399999999995,0.07767399448046697,B $\rightarrow$ B
Cc1nc2ccc(Cl)cc2c(-n2ccc3c(O)cc(-c4cn[nH]c4)cc32)c1C,NC(=O)[C@H](Cc1ccccc1)NC(=O)[C@H](CS)NC(=O)c1cn[nH]c1,[*]c1[c;H1][n;H1][n;H0][c;H1]1,[14*]c1ncc(C)s1,Cc1cnc(C(=O)N[C@@H](CS)C(=O)N[C@@H](Cc2ccccc2)C(N)=O)s1,1.0418199999999995,0.08353980938608879,B $\rightarrow$ B
Cc1nc2ccc(Cl)cc2c(-n2ccc3c(O)cc(-c4cn[nH]c4)cc32)c1C,NC(=O)[C@H](Cc1ccccc1)NC(=O)[C@H](CS)NC(=O)c1cn[nH]c1,[*]c1[c;H1][n;H1][n;H0][c;H1]1,[16*]c1ccc2nccn2c1,NC(=O)[C@H](Cc1ccccc1)NC(=O)[C@H](CS)NC(=O)c1ccc2nccn2c1,0.9245999999999996,-0.006038113103987941,B $\rightarrow$ B
Cc1nc2ccc(Cl)cc2c(-n2ccc3c(O)cc(-c4cn[nH]c4)cc32)c1C,NC(=O)[C@H](Cc1ccccc1)NC(=O)[C@H](CS)NC(=O)c1cn[nH]c1,[*]c1[c;H1][n;H1][n;H0][c;H1]1,[16*]c1ccc(CF)nc1,NC(=O)[C@H](Cc1ccccc1)NC(=O)[C@H](CS)NC(=O)c1ccc(CF)nc1,1.1413999999999997,0.051338913428437605,B $\rightarrow$ B
Cc1nc2ccc(Cl)cc2c(-n2ccc3c(O)cc(-c4cn[nH]c4)cc32)c1C,NC(=O)[C@H](Cc1ccccc1)NC(=O)[C@H](CS)NC(=O)c1cn[nH]c1,[*]c1[c;H1][n;H1][n;H0][c;H1]1,[16*]c1ccn2cncc2c1,NC(=O)[C@H](Cc1ccccc1)NC(=O)[C@H](CS)NC(=O)c1ccn2cncc2c1,0.9246000000000001,-0.00603811310398783,B $\rightarrow$ B
Cc1nc2ccc(Cl)cc2c(-n2ccc3c(O)cc(-c4cn[nH]c4)cc32)c1C,NC(=O)[C@H](Cc1ccccc1)NC(=O)[C@H](CS)NC(=O)c1cn[nH]c1,[*]c1[c;H1][n;H1][n;H0][c;H1]1,[16*]c1cccc2c1OCO2,NC(=O)[C@H](Cc1ccccc1)NC(=O)[C@H](CS)NC(=O)c1cccc2c1OCO2,1.0056,0.06080717208632608,B $\rightarrow$ B
Cc1nc2ccc(Cl)cc2c(-n2ccc3c(O)cc(-c4cn[nH]c4)cc32)c1C,NC(=O)[C@H](Cc1ccccc1)NC(=O)[C@H](CS)NC(=O)c1cn[nH]c1,[*]c1[c;H1][n;H1][n;H0][c;H1]1,[14*]c1sncc1C,Cc1cnsc1C(=O)N[C@@H](CS)C(=O)N[C@@H](Cc1ccccc1)C(N)=O,1.0418200000000004,0.08353980938608879,B $\rightarrow$ B
Cc1nc2ccc(Cl)cc2c(-n2ccc3c(O)cc(-c4cn[nH]c4)cc32)c1C,NC(=O)[C@H](Cc1ccccc1)NC(=O)[C@H](CS)NC(=O)c1cn[nH]c1,[*]c1[c;H1][n;H1][n;H0][c;H1]1,[14*]c1c(C)ccn1C,Cc1ccn(C)c1C(=O)N[C@@H](CS)C(=O)N[C@@H](Cc1ccccc1)C(N)=O,0.9238199999999996,0.08548345659749818,B $\rightarrow$ B
Cc1nc2ccc(Cl)cc2c(-n2ccc3c(O)cc(-c4cn[nH]c4)cc32)c1C,NC(=O)[C@H](Cc1ccccc1)NC(=O)[C@H](CS)NC(=O)c1cn[nH]c1,[*]c1[c;H1][n;H1][n;H0][c;H1]1,[14*]c1cnc2ccccn12,NC(=O)[C@H](Cc1ccccc1)NC(=O)[C@H](CS)NC(=O)c1cnc2ccccn12,0.9245999999999996,-0.006038113103987941,B $\rightarrow$ B
Cc1nc2ccc(Cl)cc2c(-n2ccc3c(O)cc(-c4cn[nH]c4)cc32)c1C,NC(=O)[C@H](Cc1ccccc1)NC(=O)[C@H](CS)NC(=O)c1cn[nH]c1,[*]c1[c;H1][n;H1][n;H0][c;H1]1,[14*]c1cccc(CF)n1,NC(=O)[C@H](Cc1ccccc1)NC(=O)[C@H](CS)NC(=O)c1cccc(CF)n1,1.1413999999999995,0.051338913428437605,B $\rightarrow$ B
Cc1nc2ccc(Cl)cc2c(-n2ccc3c(O)cc(-c4cn[nH]c4)cc32)c1C,NC(=O)[C@H](Cc1ccccc1)NC(=O)[C@H](CS)NC(=O)c1cn[nH]c1,[*]c1[c;H1][n;H1][n;H0][c;H1]1,[15*]C1CCCC1,NC(=O)[C@H](Cc1ccccc1)NC(=O)[C@H](CS)NC(=O)C1CCCC1,1.153299999999999,0.10256155544444734,B $\rightarrow$ B
Cc1nc2ccc(Cl)cc2c(-n2ccc3c(O)cc(-c4cn[nH]c4)cc32)c1C,NC(=O)[C@H](Cc1ccccc1)NC(=O)[C@H](CS)NC(=O)c1cn[nH]c1,[*]c1[c;H1][n;H1][n;H0][c;H1]1,[16*]c1ccn2ccnc2c1,NC(=O)[C@H](Cc1ccccc1)NC(=O)[C@H](CS)NC(=O)c1ccn2ccnc2c1,0.9246000000000001,-0.00603811310398783,B $\rightarrow$ B
Cc1nc2ccc(Cl)cc2c(-n2ccc3c(O)cc(-c4cn[nH]c4)cc32)c1C,NC(=O)[C@H](Cc1ccccc1)NC(=O)[C@H](CS)NC(=O)c1cn[nH]c1,[*]c1[c;H1][n;H1][n;H0][c;H1]1,[14*]c1nccn2cccc12,NC(=O)[C@H](Cc1ccccc1)NC(=O)[C@H](CS)NC(=O)c1nccn2cccc12,0.9246000000000003,-0.00603811310398783,B $\rightarrow$ B
Cc1nc2ccc(Cl)cc2c(-n2ccc3c(O)cc(-c4cn[nH]c4)cc32)c1C,NC(=O)[C@H](Cc1ccccc1)NC(=O)[C@H](CS)NC(=O)c1cn[nH]c1,[*]c1[c;H1][n;H1][n;H0][c;H1]1,[14*]c1ncsc1C,Cc1scnc1C(=O)N[C@@H](CS)C(=O)N[C@@H](Cc1ccccc1)C(N)=O,1.0418200000000004,0.08353980938608879,B $\rightarrow$ B
Cc1nc2ccc(Cl)cc2c(-n2ccc3c(O)cc(-c4cn[nH]c4)cc32)c1C,NC(=O)[C@H](Cc1ccccc1)NC(=O)[C@H](CS)NC(=O)c1cn[nH]c1,[*]c1[c;H1][n;H1][n;H0][c;H1]1,[16*]c1cccc2c1OCCO2,NC(=O)[C@H](Cc1ccccc1)NC(=O)[C@H](CS)NC(=O)c1cccc2c1OCCO2,1.0481000000000003,0.04920377387999819,B $\rightarrow$ B
Cc1nc2ccc(Cl)cc2c(-n2ccc3c(O)cc(-c4cn[nH]c4)cc32)c1C,NC(=O)[C@H](Cc1ccccc1)NC(=O)[C@H](CS)NC(=O)c1cn[nH]c1,[*]c1[c;H1][n;H1][n;H0][c;H1]1,[16*]c1cncn2cccc12,NC(=O)[C@H](Cc1ccccc1)NC(=O)[C@H](CS)NC(=O)c1cncn2cccc12,0.9246000000000003,-0.00603811310398783,B $\rightarrow$ B
Cc1nc2ccc(Cl)cc2c(-n2ccc3c(O)cc(-c4cn[nH]c4)cc32)c1C,NC(=O)[C@H](Cc1ccccc1)NC(=O)[C@H](CS)NC(=O)c1cn[nH]c1,[*]c1[c;H1][n;H1][n;H0][c;H1]1,[14*]c1[nH]nc2ccccc12,NC(=O)[C@H](Cc1ccccc1)NC(=O)[C@H](CS)NC(=O)c1[nH]nc2ccccc12,1.1532000000000002,-0.06035669077289513,B $\rightarrow$ B
Cc1nc2ccc(Cl)cc2c(-n2ccc3c(O)cc(-c4cn[nH]c4)cc32)c1C,NC(=O)[C@H](Cc1ccccc1)NC(=O)[C@H](CS)NC(=O)c1cn[nH]c1,[*]c1[c;H1][n;H1][n;H0][c;H1]1,[16*]c1ccc(N)cc1,NC(=O)[C@H](Cc1ccccc1)NC(=O)[C@H](CS)NC(=O)c1ccc(N)cc1,0.8591,-0.0769885197280945,B $\rightarrow$ B
Cc1nc2ccc(Cl)cc2c(-n2ccc3c(O)cc(-c4cn[nH]c4)cc32)c1C,NC(=O)[C@H](Cc1ccccc1)NC(=O)[C@H](CS)NC(=O)c1cn[nH]c1,[*]c1[c;H1][n;H1][n;H0][c;H1]1,[14*]c1cn2ccsc2n1,NC(=O)[C@H](Cc1ccccc1)NC(=O)[C@H](CS)NC(=O)c1cn2ccsc2n1,0.9861,-0.009265206697699035,B $\rightarrow$ B
Cc1nc2ccc(Cl)cc2c(-n2ccc3c(O)cc(-c4cn[nH]c4)cc32)c1C,NC(=O)[C@H](Cc1ccccc1)NC(=O)[C@H](CS)NC(=O)c1cn[nH]c1,[*]c1[c;H1][n;H1][n;H0][c;H1]1,[15*]C1CCC1,NC(=O)[C@H](Cc1ccccc1)NC(=O)[C@H](CS)NC(=O)C1CCC1,0.7631999999999992,0.10001573634844563,B $\rightarrow$ B
Cc1nc2ccc(Cl)cc2c(-n2ccc3c(O)cc(-c4cn[nH]c4)cc32)c1C,NC(=O)[C@H](Cc1ccccc1)NC(=O)[C@H](CS)NC(=O)c1cn[nH]c1,[*]c1[c;H1][n;H1][n;H0][c;H1]1,[16*]c1ccnc(CF)c1,NC(=O)[C@H](Cc1ccccc1)NC(=O)[C@H](CS)NC(=O)c1ccnc(CF)c1,1.1413999999999997,0.051338913428437605,B $\rightarrow$ B
Cc1nc2ccc(Cl)cc2c(-n2ccc3c(O)cc(-c4cn[nH]c4)cc32)c1C,NC(=O)[C@H](Cc1ccccc1)NC(=O)[C@H](CS)NC(=O)c1cn[nH]c1,[*]c1[c;H1][n;H1][n;H0][c;H1]1,[16*]c1cccc(N)c1,NC(=O)[C@H](Cc1ccccc1)NC(=O)[C@H](CS)NC(=O)c1cccc(N)c1,0.8591,-0.0769885197280945,B $\rightarrow$ B
Cc1nc2ccc(Cl)cc2c(-n2ccc3c(O)cc(-c4cn[nH]c4)cc32)c1C,NC(=O)[C@H](Cc1ccccc1)NC(=O)[C@H](CS)NC(=O)c1cn[nH]c1,[*]c1[c;H1][n;H1][n;H0][c;H1]1,[16*]c1ccc(C(=O)O)cc1,NC(=O)[C@H](Cc1ccccc1)NC(=O)[C@H](CS)NC(=O)c1ccc(C(=O)O)cc1,0.9751000000000003,-0.02909982692257712,B $\rightarrow$ B
Cc1nc2ccc(Cl)cc2c(-n2ccc3c(O)cc(-c4cn[nH]c4)cc32)c1C,NC(=O)[C@H](Cc1ccccc1)NC(=O)[C@H](CS)NC(=O)c1cn[nH]c1,[*]c1[c;H1][n;H1][n;H0][c;H1]1,[16*]c1ccc(O)c(OC)c1,COc1cc(C(=O)N[C@@H](CS)C(=O)N[C@@H](Cc2ccccc2)C(N)=O)ccc1O,0.9911000000000005,-0.029125950632371,B $\rightarrow$ B
Cc1nc2ccc(Cl)cc2c(-n2ccc3c(O)cc(-c4cn[nH]c4)cc32)c1C,NC(=O)[C@H](Cc1ccccc1)NC(=O)[C@H](CS)NC(=O)c1cn[nH]c1,[*]c1[c;H1][n;H1][n;H0][c;H1]1,[14*]c1ccc(C)n1C,Cc1ccc(C(=O)N[C@@H](CS)C(=O)N[C@@H](Cc2ccccc2)C(N)=O)n1C,0.9238200000000005,0.08548345659749829,B $\rightarrow$ B
Cc1nc2ccc(Cl)cc2c(-n2ccc3c(O)cc(-c4cn[nH]c4)cc32)c1C,NC(=O)[C@H](Cc1ccccc1)NC(=O)[C@H](CS)NC(=O)c1cn[nH]c1,[*]c1[c;H1][n;H1][n;H0][c;H1]1,[14*]c1ncc2ccccn12,NC(=O)[C@H](Cc1ccccc1)NC(=O)[C@H](CS)NC(=O)c1ncc2ccccn12,0.9245999999999996,-0.006038113103987941,B $\rightarrow$ B
Cc1nc2ccc(Cl)cc2c(-n2ccc3c(O)cc(-c4cn[nH]c4)cc32)c1C,NC(=O)[C@H](Cc1ccccc1)NC(=O)[C@H](CS)NC(=O)c1cn[nH]c1,[*]c1[c;H1][n;H1][n;H0][c;H1]1,[16*]c1ccc(F)nc1F,NC(=O)[C@H](Cc1ccccc1)NC(=O)[C@H](CS)NC(=O)c1ccc(F)nc1F,0.9500999999999997,-0.033157608452884124,B $\rightarrow$ B
Cc1nc2ccc(Cl)cc2c(-n2ccc3c(O)cc(-c4cn[nH]c4)cc32)c1C,NC(=O)[C@H](Cc1ccccc1)NC(=O)[C@H](CS)NC(=O)c1cn[nH]c1,[*]c1[c;H1][n;H1][n;H0][c;H1]1,[14*]c1ccc(N)s1,NC(=O)[C@H](Cc1ccccc1)NC(=O)[C@H](CS)NC(=O)c1ccc(N)s1,0.9205999999999996,0.00943244113200098,B $\rightarrow$ B
Cc1nc2ccc(Cl)cc2c(-n2ccc3c(O)cc(-c4cn[nH]c4)cc32)c1C,NC(=O)[C@H](Cc1ccccc1)NC(=O)[C@H](CS)NC(=O)c1cn[nH]c1,[*]c1[c;H1][n;H1][n;H0][c;H1]1,[14*]c1cccc2cncn12,NC(=O)[C@H](Cc1ccccc1)NC(=O)[C@H](CS)NC(=O)c1cccc2cncn12,0.9245999999999994,-0.006038113103987941,B $\rightarrow$ B
Cc1nc2ccc(Cl)cc2c(-n2ccc3c(O)cc(-c4cn[nH]c4)cc32)c1C,NC(=O)[C@H](Cc1ccccc1)NC(=O)[C@H](CS)NC(=O)c1cn[nH]c1,[*]c1[c;H1][n;H1][n;H0][c;H1]1,[14*]c1ncc(F)s1,NC(=O)[C@H](Cc1ccccc1)NC(=O)[C@H](CS)NC(=O)c1ncc(F)s1,0.8724999999999996,0.07578880662340509,B $\rightarrow$ B
Cc1nc2ccc(Cl)cc2c(-n2ccc3c(O)cc(-c4cn[nH]c4)cc32)c1C,NC(=O)[C@H](Cc1ccccc1)NC(=O)[C@H](CS)NC(=O)c1cn[nH]c1,[*]c1[c;H1][n;H1][n;H0][c;H1]1,[15*]C1(F)CCC1,NC(=O)[C@H](Cc1ccccc1)NC(=O)[C@H](CS)NC(=O)C1(F)CCC1,0.8552999999999993,0.09208961532202309,B $\rightarrow$ B
Cc1nc2ccc(Cl)cc2c(-n2ccc3c(O)cc(-c4cn[nH]c4)cc32)c1C,NC(=O)[C@H](Cc1ccccc1)NC(=O)[C@H](CS)NC(=O)c1cn[nH]c1,[*]c1[c;H1][n;H1][n;H0][c;H1]1,[16*]c1cc(F)nc(F)c1,NC(=O)[C@H](Cc1ccccc1)NC(=O)[C@H](CS)NC(=O)c1cc(F)nc(F)c1,0.9500999999999995,-0.033157608452884124,B $\rightarrow$ B
Cc1nc2ccc(Cl)cc2c(-n2ccc3c(O)cc(-c4cn[nH]c4)cc32)c1C,NC(=O)[C@H](Cc1ccccc1)NC(=O)[C@H](CS)NC(=O)c1cn[nH]c1,[*]c1[c;H1][n;H1][n;H0][c;H1]1,[16*]c1cccc(C(=O)OC)c1,COC(=O)c1cccc(C(=O)N[C@@H](CS)C(=O)N[C@@H](Cc2ccccc2)C(N)=O)c1,1.0635000000000001,-0.06656349705585174,B $\rightarrow$ B
Cc1nc2ccc(Cl)cc2c(-n2ccc3c(O)cc(-c4cn[nH]c4)cc32)c1C,NC(=O)[C@H](Cc1ccccc1)NC(=O)[C@H](CS)NC(=O)c1cn[nH]c1,[*]c1[c;H1][n;H1][n;H0][c;H1]1,[16*]c1ccc(OC)c(O)c1,COc1ccc(C(=O)N[C@@H](CS)C(=O)N[C@@H](Cc2ccccc2)C(N)=O)cc1O,0.9910999999999999,-0.02912595063237111,B $\rightarrow$ B
Cc1nc2ccc(Cl)cc2c(-n2ccc3c(O)cc(-c4cn[nH]c4)cc32)c1C,NC(=O)[C@H](Cc1ccccc1)NC(=O)[C@H](CS)NC(=O)c1cn[nH]c1,[*]c1[c;H1][n;H1][n;H0][c;H1]1,[14*]c1ncsc1F,NC(=O)[C@H](Cc1ccccc1)NC(=O)[C@H](CS)NC(=O)c1ncsc1F,0.8724999999999996,0.07578880662340509,B $\rightarrow$ B
Cc1nc2ccc(Cl)cc2c(-n2ccc3c(O)cc(-c4cn[nH]c4)cc32)c1C,NC(=O)[C@H](Cc1ccccc1)NC(=O)[C@H](CS)NC(=O)c1cn[nH]c1,[*]c1[c;H1][n;H1][n;H0][c;H1]1,[14*]c1occc1OC,COc1ccoc1C(=O)N[C@@H](CS)C(=O)N[C@@H](Cc1ccccc1)C(N)=O,0.8785000000000001,0.05291042258373957,B $\rightarrow$ B
Cc1nc2ccc(Cl)cc2c(-n2ccc3c(O)cc(-c4cn[nH]c4)cc32)c1C,NC(=O)[C@H](Cc1ccccc1)NC(=O)[C@H](CS)NC(=O)c1cn[nH]c1,[*]c1[c;H1][n;H1][n;H0][c;H1]1,[16*]c1ccc(OC)nc1C,COc1ccc(C(=O)N[C@@H](CS)C(=O)N[C@@H](Cc2ccccc2)C(N)=O)c(C)n1,0.9889199999999998,0.03536388441999316,B $\rightarrow$ B
Cc1nc2ccc(Cl)cc2c(-n2ccc3c(O)cc(-c4cn[nH]c4)cc32)c1C,NC(=O)[C@H](Cc1ccccc1)NC(=O)[C@H](CS)NC(=O)c1cn[nH]c1,[*]c1[c;H1][n;H1][n;H0][c;H1]1,[16*]c1ccccc1N,NC(=O)[C@H](Cc1ccccc1)NC(=O)[C@H](CS)NC(=O)c1ccccc1N,0.8591,-0.0769885197280945,B $\rightarrow$ B
Cc1nc2ccc(Cl)cc2c(-n2ccc3c(O)cc(-c4cn[nH]c4)cc32)c1C,NC(=O)[C@H](Cc1ccccc1)NC(=O)[C@H](CS)NC(=O)c1cn[nH]c1,[*]c1[c;H1][n;H1][n;H0][c;H1]1,[16*]c1cccn2cncc12,NC(=O)[C@H](Cc1ccccc1)NC(=O)[C@H](CS)NC(=O)c1cccn2cncc12,0.9246000000000003,-0.00603811310398783,B $\rightarrow$ B
Cc1nc2ccc(Cl)cc2c(-n2ccc3c(O)cc(-c4cn[nH]c4)cc32)c1C,NC(=O)[C@H](Cc1ccccc1)NC(=O)[C@H](CS)NC(=O)c1cn[nH]c1,[*]c1[c;H1][n;H1][n;H0][c;H1]1,[16*]c1cccc(C(=O)O)c1,NC(=O)[C@H](Cc1ccccc1)NC(=O)[C@H](CS)NC(=O)c1cccc(C(=O)O)c1,0.9750999999999994,-0.02909982692257712,B $\rightarrow$ B
Cc1nc2ccc(Cl)cc2c(-n2ccc3c(O)cc(-c4cn[nH]c4)cc32)c1C,NC(=O)[C@H](Cc1ccccc1)NC(=O)[C@H](CS)NC(=O)c1cn[nH]c1,[*]c1[c;H1][n;H1][n;H0][c;H1]1,[14*]c1nscc1C,Cc1csnc1C(=O)N[C@@H](CS)C(=O)N[C@@H](Cc1ccccc1)C(N)=O,1.0418200000000004,0.08353980938608879,B $\rightarrow$ B
Cc1nc2ccc(Cl)cc2c(-n2ccc3c(O)cc(-c4cn[nH]c4)cc32)c1C,NC(=O)[C@H](Cc1ccccc1)NC(=O)[C@H](CS)NC(=O)c1cn[nH]c1,[*]c1[c;H1][n;H1][n;H0][c;H1]1,[14*]c1nccc2cccn12,NC(=O)[C@H](Cc1ccccc1)NC(=O)[C@H](CS)NC(=O)c1nccc2cccn12,0.9245999999999996,-0.006038113103987941,B $\rightarrow$ B
Cc1nc2ccc(Cl)cc2c(-n2ccc3c(O)cc(-c4cn[nH]c4)cc32)c1C,NC(=O)[C@H](Cc1ccccc1)NC(=O)[C@H](CS)NC(=O)c1cn[nH]c1,[*]c1[c;H1][n;H1][n;H0][c;H1]1,[14*]c1ccc(OC)c(C)n1,COc1ccc(C(=O)N[C@@H](CS)C(=O)N[C@@H](Cc2ccccc2)C(N)=O)nc1C,0.9889199999999998,0.03536388441999316,B $\rightarrow$ B
Cc1nc2ccc(Cl)cc2c(-n2ccc3c(O)cc(-c4cn[nH]c4)cc32)c1C,NC(=O)[C@H](Cc1ccccc1)NC(=O)[C@H](CS)NC(=O)c1cn[nH]c1,[*]c1[c;H1][n;H1][n;H0][c;H1]1,[16*]c1ccc(F)nc1,NC(=O)[C@H](Cc1ccccc1)NC(=O)[C@H](CS)NC(=O)c1ccc(F)nc1,0.8109999999999995,-0.02419582339537274,B $\rightarrow$ B
Cc1nc2ccc(Cl)cc2c(-n2ccc3c(O)cc(-c4cn[nH]c4)cc32)c1C,NC(=O)[C@H](Cc1ccccc1)NC(=O)[C@H](CS)NC(=O)c1cn[nH]c1,[*]c1[c;H1][n;H1][n;H0][c;H1]1,[14*]c1nocc1Cl,NC(=O)[C@H](Cc1ccccc1)NC(=O)[C@H](CS)NC(=O)c1nocc1Cl,0.9182999999999997,0.07343737515583898,B $\rightarrow$ B
